id,parent_id,root_id,trd_buy_id,trd_buy_number_anno,ref_amendm_agreem_justif_id,ref_contract_status_id,deleted,crdate,last_update_date,supplier_id,supplier_biin,supplier_bik,supplier_iik,supplier_bank_name_kz,supplier_bank_name_ru,customer_id,customer_bin,customer_bik,customer_iik,customer_bank_name_kz,customer_bank_name_ru,contract_number,contract_number_sys,fin_year,ref_contract_agr_form_id,ref_contract_year_type_id,ref_finsource_id,ref_currency_code,contract_sum_wnds,sign_date,ec_end_date,plan_exec_date,fakt_exec_date,fakt_sum_wnds,contract_end_date,ref_contract_cancel_id,description_kz,description_ru,sign_reason_doc_name,sign_reason_doc_date,trd_buy_itogi_date_public,fakt_trade_methods_id,ec_customer_approve,ec_supplier_approve,contract_ms,supplier_legal_address,customer_legal_address,payments_terms_ru,payments_terms_kz,is_gu,exchange_rate,system_id,index_date
1,854,224,1,5fef101d-0457-4de7-b997-ae61cd40db67,2,10,1,2025-06-29,2024-10-15 10:21:07,1,988031896451,ZCSWRUQFTDE,MRCI1237594139614,Алем Банк,Банк Алем,1,994190990465,UWPDRU2GJWT,HNDS7370301805688,Алтын Қазына Банк,Банк Надежда,4f707e6f-ec7c-45e8-a439-9fd7999db71b,fd85ddc7-4a80-48f5-a585-f7d491bcac91,2022,1,4,4,USD,26444081,2025-06-30,2024-05-29,2024-11-21,2023-10-31,6544515,2023-12-03,2,Қалыңдығы стандартты A4 форматтағы 5000 парақ қағазды жеткізу.,Поставка 5000 листов бумаги формата A4 в упаковках по 500 штук.,Договор поставки,2025-01-08,2025-07-06,2,0,0,28.18,"г. Астана, ул. Абая, д. 12, Казахстан","г. Астана, ул. Сауран, д. 12, Казахстан",Оплата по факту поставки,Толығымен алдын ала төлем,0,595.48,3,2025-08-02 19:27:24
2,559,572,2,412293b0-49a3-4173-a749-7086c36b2b0f,2,5,0,2025-10-24,2025-06-13 20:45:39,2,104148244741,IMJVRUQN,UJSW4597037923253,Сарыарқа Банк,Банк Сарыарка,2,726936576937,MWFWRU36AKA,XKVD9189746051005,Самұрық Қаржы Банк,Банк Уверенность,cfbe8ea9-872e-4bb7-a0fa-a1892ac1b414,90942266-8e11-4afc-a98b-650e0759c175,2023,5,3,2,USD,3721864,2025-09-25,2024-02-09,2023-07-17,2022-11-27,356966,2023-11-18,0,HP және Canon үлгілеріне арналған тонерлер мен картридждерді жеткізу.,Поставка тонеров и картриджей совместимых с моделями HP и Canon.,Договор подряда,2023-06-13,2023-04-03,6,1,1,81.85,"г. Алматы, пр. Достык, д. 45, Казахстан","г. Алматы, ул. Розыбакиева, д. 27, Казахстан",Предоплата 100%,Жеткізіп берілгеннен кейін төлем,1,494.54,3,2025-05-31 14:30:15
3,172,543,3,4c6c43ba-8905-405a-8ab4-148871345bd1,1,9,0,2025-03-28,2025-05-22 23:44:20,3,829524515046,LRUZRUR5D6F,XNBL7012456378023,Самұрық Қаржы Банк,Банк Самрук Финанс,3,876164949153,UXFJRUUJ,OVOR0341292358926,Ұлы Дала Банк,Банк Прогресс,4231c4b7-4bab-42f3-8cff-c12953de2fd9,6787526c-acce-471b-ae6d-84ef1b806f5a,2020,1,5,4,KZT,9875207,2024-01-24,2022-12-30,2024-04-11,2023-08-29,7604631,2023-03-13,3,"Офистік жиһаздарды (жұмыс үстелдері, шкафтар, тумбалар) жеткізу және орнату.","Поставка офисной мебели (рабочие столы, шкафы, тумбы) с монтажом.",Договор услуг,2023-12-21,2024-08-20,6,1,0,70.84,"г. Шымкент, ул. Ташкентская, д. 7, Казахстан","г. Шымкент, ул. Сейфуллина, д. 4, Казахстан",Оплата в течение 5 дней,5 күн ішінде төлем,1,577.29,3,2024-03-11 16:44:06
4,123,61,4,281a277c-89e4-45d8-a71a-d2b386c8e3e8,4,3,1,2023-02-27,2025-04-11 06:38:04,4,774463586292,RDRRRUDR,FYGQ4196084219388,Орталық Сауда Банк,Центральный коммерческий банк,4,746034716030,KVVCRU6338E,JGSS6208942150358,Бәйтерек Инвест Банк,Банк Содействие,7051f7fd-9b5e-4eae-83e4-f1d80dd43584,f4c0e638-e1d3-4c38-95fd-7cfac108a9d9,2015,3,2,4,EUR,25656630,2023-12-18,2025-08-10,2024-09-29,2023-08-01,8088446,2025-01-22,0,200 қызметкерге арналған кеңсе керек-жарақтары жиынтығын жеткізу.,Поставка канцелярских наборов для 200 сотрудников.,Договор аренды,2024-10-11,2025-01-07,6,1,1,75.38,"г. Караганда, ул. Ленина, д. 3, Казахстан","г. Караганда, ул. Горького, д. 33, Казахстан",Оплата в течение 10 дней,10 күн ішінде төлем,0,443.95,3,2023-03-17 08:23:31
5,218,547,5,9c7c1388-a99d-4ccd-a596-a30e2b65db56,2,9,1,2025-01-21,2025-05-03 12:48:44,5,650760904126,NEYSRUM3,WXHA9137397939704,Шығыс Капитал Банк,Восточный Капитал Банк,5,706806407543,YVZSRUTJG74,QIGX4748669362889,Көшпенді Қаржы Банк,Банк Перспектива,f1be2f97-569d-4f60-8b25-f02896e67c2e,32ae5cda-ae47-4a23-b8db-ec8e5a826194,2015,1,2,1,EUR,16263263,2024-06-22,2025-01-01,2024-01-25,2025-02-14,5758074,2024-06-21,5,Лифттерді 12 ай бойы техникалық қызмет көрсету және жөндеу.,Техническое обслуживание и ремонт лифтов в течение 12 месяцев.,Дополнительное соглашение,2024-09-11,2025-09-27,5,0,0,75.78,"г. Актобе, ул. Мира, д. 22, Казахстан","г. Актобе, ул. Желтоксан, д. 9, Казахстан",Оплата в течение 15 дней,15 күн ішінде төлем,1,427.72,3,2024-09-07 23:10:48
6,876,498,6,a7f71efb-cb8a-4f1f-8990-d5f9d7d7b4cd,5,6,0,2022-12-16,2025-10-14 12:28:52,6,353013676925,ZDWFRUMDRWF,XVLH8638350396299,КазФинанс Банк,КазФинанс Банк,6,158733391567,ZLOHRUK7696,QGTS7889005859585,Нұр Аймақ Банк,Банк Оптима,47496e67-24b7-4cc9-ae27-a0a3015a8033,168eabb8-a587-4e2a-85b5-c8f92e7e94cf,2016,3,5,1,EUR,33774194,2025-03-18,2025-10-14,2023-11-01,2023-08-26,645206,2025-06-10,0,Серверлік жабдықты орнату және толық баптау.,Поставка и установка серверного оборудования с настройкой.,Акт выполненных работ,2025-06-12,2024-08-30,4,1,1,32.69,"г. Павлодар, ул. Красногвардейская, д. 10, Казахстан","г. Павлодар, ул. Фрунзе, д. 18, Казахстан",Оплата в течение 20 дней,20 күн ішінде төлем,0,549.21,3,2025-05-04 20:09:56
7,751,404,7,c9e65a15-0384-4bf5-a293-24b52a460fae,1,7,0,2025-07-28,2024-01-28 03:16:22,7,972318791414,TKKJRUOSPI5,QVZH3207543516701,НұрКредит Банк,НурКредит Банк,7,701404682942,MGCURUZB3NQ,UZCW9088851671573,Береке Қаржы Банк,Банк Содружество,da28d2cd-0ed7-4c2a-9f4b-11de99aaf164,5cb606f4-0fa3-41ce-b449-9c687bbc6162,2025,1,1,5,EUR,31658058,2025-07-29,2023-05-01,2025-05-31,2022-11-30,8064984,2024-06-17,0,Алдын ала орнатылған бағдарламасы бар 50 ноутбукті жеткізу.,Поставка 50 ноутбуков с предустановленным ПО и гарантийным обслуживанием.,Акт приёма-передачи,2022-12-16,2025-04-07,7,0,0,47.41,"г. Усть-Каменогорск, ул. Казахстанская, д. 18, Казахстан","г. Усть-Каменогорск, ул. Лермонтова, д. 2, Казахстан",Оплата в течение 30 дней,30 күн ішінде төлем,0,546.19,3,2024-02-14 20:01:41
8,360,860,8,6122cb39-9152-4fb5-a878-0f57a6ce0d34,5,5,1,2025-06-28,2025-08-29 19:25:13,8,710743263913,BXITRUEB,JTEF4945991406005,Астана Инвест Банк,Астана Инвест Банк,8,272671634673,YJFURU2PUFB,EKYB7412519830184,Арқар Капитал Банк,Банк Континент,91b0d883-02bd-46d4-a700-8c4da518b1e6,4118886a-e098-4fcf-9ca8-e83f66a77468,2023,3,3,5,KZT,26080727,2023-10-25,2024-04-13,2023-03-18,2023-09-29,5071064,2025-05-24,2,"Желілік жабдықтарды (маршрутизаторлар, коммутаторлар) жеткізу және іске қосу.","Поставка сетевого оборудования (маршрутизаторы, коммутаторы) и пусконаладочные работы.",Техническое задание,2023-07-28,2022-12-19,7,0,0,70.05,"г. Костанай, ул. Алтынсарина, д. 5, Казахстан","г. Костанай, ул. Некрасова, д. 41, Казахстан",Оплата в течение 45 дней,45 күн ішінде төлем,0,520.46,3,2023-11-17 13:37:05
9,806,390,9,e0d44a67-f8bf-438d-a39c-76e9ac25c51f,1,5,1,2024-10-20,2022-12-10 07:52:10,9,388672825584,DVWSRUXNAWD,SGYJ7997228762815,Алматы Қаржы Банк,Алматы Финанс Банк,9,759542147469,KPRKRU4U6K3,QHJT3260631810845,Тұлпар Инвест Банк,Банк ИнвестТраст,d65605a6-cbe2-4106-93c9-68154381e444,aa68bd4c-b28b-4655-82cb-b3f74b7b0db3,2016,3,4,5,USD,23625326,2025-04-11,2024-08-12,2024-04-18,2023-07-25,513363,2025-01-31,1,90 күндік жазуы бар бейнебақылау жүйесін орнату.,Поставка и монтаж системы видеонаблюдения с записью не менее 90 дней.,Коммерческое предложение,2023-05-05,2024-10-31,4,1,1,79.92,"г. Кызылорда, ул. Айтеке би, д. 30, Казахстан","г. Кызылорда, ул. Абылай хана, д. 6, Казахстан",Оплата в течение 60 дней,60 күн ішінде төлем,1,523.63,3,2023-08-21 11:25:12
10,1101,321,10,37742f59-ea2a-457d-8dcc-9cd3c41fd859,1,8,0,2023-11-03,2024-02-19 09:29:21,10,997756642221,LMLFRUE0,NXJZ0867707898484,Солтүстік Қаратау Банк,Северо-Казахстанский банк,10,148456568212,THGGRU59,EHPX5155483796917,ҚазБайлық Банк,Банк Тихий Берег,3bc622b7-a6b2-48a1-b824-251dd9000e2b,3fcb736d-6f00-4c69-8c97-e48739404a20,2015,1,4,4,KZT,32483257,2024-07-02,2025-05-14,2025-11-16,2024-12-28,351059,2023-12-11,4,Қауіпсіздікке арналған қолжетімділік бақылау жүйесін орнату және іске қосу.,Поставка и установка системы контроля доступа с резервным питанием.,Платёжное поручение,2023-11-30,2023-08-16,2,1,1,4.11,"г. Атырау, ул. Махамбет, д. 15, Казахстан","г. Атырау, ул. Сейфуллина, д. 29, Казахстан",Оплата в течение 90 дней,90 күн ішінде төлем,1,551.77,3,2024-09-13 13:33:30
11,293,448,11,6f8937c1-ecaf-4006-bd47-8297b639cbfa,4,1,1,2024-09-04,2025-09-07 01:01:34,11,349437808279,DNFDRUCI3NL,SQMQ0928719975166,Жетісу Банк,Банк Жетысу,11,499708855834,UFFERUPB,PUXI9247653047420,ЖұлдызҚор Банк,Банк КапиталИсточник,48c73dee-949d-45ae-9814-19dbae57bf2f,03035a6b-8535-4d92-a7af-1e92743523fe,2017,3,3,1,EUR,42363871,2025-09-29,2023-10-22,2025-02-18,2025-02-04,3149825,2023-04-20,2,Техникалық тапсырмаға сәйкес кеңсе жөндеу жұмыстары.,Ремонт и реконструкция офисных помещений по утверждённому ТЗ.,Счёт-фактура,2023-10-26,2023-06-02,8,1,0,21.67,"г. Актау, мкр. 14, д. 8, Казахстан","г. Актау, ул. Набережная, д. 11, Казахстан",Постоплата,Кейінгі төлем,1,461.43,3,2023-01-02 16:23:17
12,837,604,12,2750b2b5-1fe6-45f1-8b6a-6a378f3b126a,3,7,0,2023-03-29,2023-09-28 09:15:01,12,869091966902,IHBURUQG,BFET5410796673997,Тау-кен Банк,Банк Тау-Кен,12,464824374374,REUFRUGD159,DRBR2891161362136,Аспан Қаржы Банк,Банк Золотая Долина,0537104d-5554-4fc6-9868-d4b3c24e1f36,a63d4699-2daf-46e4-9ff9-ed9c0b0fa95e,2019,1,2,1,KZT,16129608,2024-01-15,2024-06-06,2023-11-24,2024-02-24,1315715,2023-10-02,3,Фасадтық материалдарды жеткізу және әрлеу жұмыстарын орындау.,Поставка фасадных материалов и выполнение отделочных работ.,Инвойс,2023-05-31,2025-08-25,5,1,0,11.48,"г. Семей, ул. Абая, д. 9, Казахстан","г. Семей, ул. Ермекова, д. 21, Казахстан",Оплата по счету-фактуре,Шот-фактура бойынша төлем,0,583.04,3,2024-08-19 12:45:32
13,832,52,13,b84a621e-0bc3-4185-94c6-204ff46b5fe2,3,3,1,2023-05-02,2023-06-29 16:32:55,13,435870999904,GIXDRUG07NH,ICEP7238414040624,Республикалық Банк,Республиканский банк,13,108523219935,KGKERUXL8F4,UTCD3198207836667,АйНұр Банк,Банк СеверЛайн,86ab84ef-190a-4433-ac65-cfb522d9490e,d243f250-c9f9-4ebd-8ebc-bb604d18b69f,2019,2,2,1,EUR,3845935,2024-03-26,2025-07-02,2023-01-23,2025-01-18,5798835,2023-05-15,4,Кабельдік өнімдер мен электр қалқандарын жеткізу.,Поставка кабельной продукции и электрощитового оборудования.,Инвойс-проформа,2024-05-18,2022-12-29,1,1,0,29.36,"г. Кокшетау, ул. Назарбаева, д. 21, Казахстан","г. Кокшетау, ул. Пушкина, д. 8, Казахстан",Оплата наличными,Қолма-қол төлем,1,502.07,3,2025-08-24 16:18:57
14,1077,395,14,7b5ab747-e913-4473-9a22-2daed71d488e,3,2,1,2025-03-26,2024-08-17 11:54:20,14,908450914933,RIDNRUBB,TMHV1746803496355,Даму Банк,Банк Развитие,14,222681376511,AASNRUIH7AN,KRFZ0158076561252,Теңге Қор Банк,Банк ВостокПлюс,2b498d59-a998-465f-b2c9-62790260f01d,73f5ee07-57eb-453c-a87e-9f7d16d4bb82,2016,5,5,2,EUR,9567350,2023-12-05,2023-12-25,2023-07-13,2025-07-15,4524807,2024-04-03,3,100 кВт қуатты дизель генераторын жеткізу және монтаждау.,Поставка дизель-генератора мощностью 100 кВт с монтажом.,Накладная,2024-06-12,2023-08-10,6,1,0,75.84,"г. Петропавловск, ул. Конституции, д. 4, Казахстан","г. Петропавловск, ул. Сахарова, д. 14, Казахстан",Оплата безналичным расчетом,Банктік аударым арқылы төлем,1,423.22,3,2023-08-25 02:48:55
15,1107,978,15,a41e73ee-3561-4c64-836e-b1468d326734,1,10,0,2023-11-06,2025-03-13 11:39:38,15,390042015627,OQVZRUZ2,ADKG7912430657121,Бизнестің Қолдауы Банк,Бизнес Кредит Банк,15,173769048646,LVCORUUSE0C,BSAQ1562082423081,СарыАрқа Банк,Банк Евразия Финанс,183c903f-7e3a-4400-849f-a95ba8773fd3,1614f9a6-610c-4b66-893b-98ea6bb5aa97,2017,5,2,5,EUR,37025800,2024-02-19,2023-12-22,2024-09-10,2024-10-16,7763689,2023-03-29,5,Көпфункционалды принтерлерді жеткізу және желілік басып шығару баптауы.,Поставка многофункциональных устройств (МФУ) и настройка сетевой печати.,Товарная накладная,2023-04-15,2023-02-16,3,0,0,19.27,"г. Туркестан, ул. Қожа Ахмет Ясауи, д. 6, Казахстан","г. Туркестан, ул. Казыбек би, д. 5, Казахстан",Частичная предоплата 50%,50% алдын ала төлем,0,558.98,3,2023-11-11 06:28:33
16,732,503,16,43cb28cc-777b-407c-906e-25bad75c3372,4,7,1,2025-11-12,2022-12-18 06:25:46,16,574606285717,SYRORURY,ZVGD9515466836230,АгроКапитал Банк,Банк АгроКапитал,16,578629986135,CRZHRU15,HBSC0445214310554,Алаш Қаржы Банк,Банк Финанс Центр,55667c4d-4038-4400-b108-bef09b69eea0,b54529d1-8cc3-4b29-8dc6-e051c7e91160,2025,3,5,5,EUR,32609458,2025-02-20,2023-11-18,2025-01-23,2023-03-11,9944987,2025-03-08,3,Құрылыс қалдықтарын шығару және лицензияланған орындарға тапсыру.,Вывоз строительного мусора и утилизация в лицензированных пунктах.,Транспортная накладная,2022-11-28,2023-01-30,7,1,0,94.72,"г. Экибастуз, ул. Павлова, д. 27, Казахстан","г. Экибастуз, ул. Ломоносова, д. 37, Казахстан",Частичная предоплата 30%,30% алдын ала төлем,1,410.46,3,2023-06-29 22:57:05
17,648,572,17,2dc19aaf-a3cb-4e4b-8614-919d41f876c8,1,4,1,2025-03-02,2023-11-21 10:18:08,17,294541665866,CQTSRUX6P6Z,JEYD1531258702601,Индустрия Банк,Индустриал Банк,17,194629589426,VQQWRUUO2U1,NKRS1867331168236,Қадам Инвест Банк,Банк Премиум Кредит,29d15cc5-a988-46c3-b1e0-07166ae41af9,fee395aa-0835-499e-832b-824cc7772016,2015,5,2,1,EUR,17708465,2025-09-05,2023-07-15,2024-05-14,2024-03-10,3636552,2023-07-20,3,Медициналық оттегін және шығын материалдарын клиникаларға жеткізу.,Поставка медицинского кислорода и расходных материалов для клиник.,Спецификация,2023-06-10,2023-01-22,6,1,0,95.60,"г. Рудный, ул. Горняков, д. 11, Казахстан","г. Рудный, ул. Степная, д. 20, Казахстан",Оплата по договору,Келісімшарт бойынша төлем,1,540.26,3,2023-08-04 08:09:12
18,404,839,18,ab080fca-4246-49b6-9801-a390e3c7011c,4,6,1,2025-07-03,2025-09-17 21:35:02,18,676559371537,ZARVRU04,DMSZ1425193812851,СнабРесурс Банк,Банк СнабРесурс,18,877696643834,ONQERU7C,DEFZ0594945559241,Мұра Капитал Банк,Банк Ритейл Партнёр,0dfb5cda-b007-42e7-8a83-b357422286b4,dc99fde5-b975-4db5-ae15-e41e3d9051e2,2023,3,3,2,EUR,20391711,2023-07-14,2025-11-10,2023-05-23,2024-03-23,3243680,2025-04-09,5,"Жеке қорғаныс құралдарын (маска, қолғап, костюм) жеткізу.","Поставка средств индивидуальной защиты (маски, перчатки, комбинезоны).",Смета,2023-11-08,2025-08-10,7,1,1,14.24,"г. Жезказган, ул. Сатпаева, д. 33, Казахстан","г. Жезказган, ул. Сатпаева, д. 7, Казахстан",Оплата при получении,Қабылдау кезінде төлем,1,562.87,3,2024-01-18 06:24:39
19,52,652,19,5818db96-a312-4d81-b0f0-59d9d9ff356f,3,1,1,2023-08-10,2025-01-30 01:43:28,19,953243758940,HTKRRUVA5FZ,OTTT0851969184138,Каспий Қаржы Банк,Каспийский Финанс Банк,19,310038534603,BFOGRUGTULJ,NZME6297109232877,Туған Жер Банк,Банк МаркетИнвест,25f1121d-09f5-4183-a079-86dcbdce516d,b804555a-3932-4d89-9ec2-0a6d62fd7e88,2021,2,1,1,EUR,32490804,2025-09-02,2025-01-29,2023-10-14,2024-02-09,2006205,2023-02-24,2,Бір реттік медициналық ыдыстар мен орау материалдарын жеткізу.,Поставка одноразовой медицинской посуды и упаковки для клиник.,Сводная смета,2023-04-04,2024-08-26,10,1,1,23.88,"г. Балхаш, ул. Ленина, д. 2, Казахстан","г. Балхаш, ул. Молодёжная, д. 24, Казахстан",Оплата после проверки товара,Тауарды тексергеннен кейін төлем,1,488.76,3,2024-10-11 23:45:02
20,72,633,20,c9e8d990-e15b-4eef-83e0-a2bc99a45ab7,4,9,1,2023-02-28,2024-02-15 10:19:09,20,256921616494,IHGDRUWANF6,KYQK8142333507265,СнабКапитал Банк,Банк СнабКапитал,20,287182686595,RDECRU2G,ATVM2385314045643,Арман Қаржы Банк,Банк АгроКредит,0c4bf80e-d0aa-4bb2-baf4-5939660f505b,67471237-cfff-4d39-ac28-b6fc33a044ec,2023,1,3,1,USD,24380731,2024-01-18,2024-08-17,2023-02-07,2023-12-31,3809719,2023-09-28,2,Лабораториялық жабдықтарды жеткізу және іске қосу.,Поставка лабораторного оборудования и ввод в эксплуатацию.,Календарный план,2024-12-06,2023-06-04,5,0,0,34.52,"г. Темиртау, ул. Металлургов, д. 14, Казахстан","г. Темиртау, ул. Набережная, д. 16, Казахстан",Оплата после подписания акта,Актқа қол қойғаннан кейін төлем,0,596.42,3,2024-04-18 01:59:39
21,1180,1130,21,af651a1c-44ef-4de0-a3a5-3a24d0edf54a,4,3,0,2023-07-24,2024-08-04 05:08:43,21,641256088666,AXMRRU73,OGXF2233001576256,Корпоратив Инвест Банк,Банк Корпоративных Инвестиций,21,435061445297,QFZLRUAW,BGNV5585641595842,ХалықТаңдау Банк,Банк ПромЭкспресс,13c49af6-64c8-4483-8a29-ffe5df09eb4f,6ca2ab8d-5eaa-4b77-a790-1bcef95d1194,2022,2,1,4,USD,12792497,2023-11-12,2025-03-12,2025-11-19,2025-10-01,7271978,2024-08-26,1,Химиялық реагенттерді жеткізу және сапа сертификаттарын ұсыну.,Поставка химических реактивов и сертификатов качества.,План-график поставки,2023-04-27,2024-03-05,8,1,1,71.52,"г. Талдыкорган, ул. Курмангазы, д. 19, Казахстан","г. Талдыкорган, ул. Суюнбая, д. 3, Казахстан",Оплата после монтажа,Орнатудан кейін төлем,0,523.66,3,2025-11-02 17:30:07
22,1000,443,22,a0df2d1b-e355-41ed-8892-b7a8b30a1e23,2,2,0,2023-08-04,2024-02-16 05:11:24,22,361586465679,EQJBRUIA,OXVG3971341851188,Шағын Бизнесті Қолдау Банк,Банк Малого Бизнеса,22,221886051191,ZQSFRU1SOA1,SLFQ7381945560257,Шаңырақ Инвест Банк,Банк ЛидерФонд,1e1b25ab-390e-49d3-be49-f79e46e55f0a,fabd2e05-c064-4eb5-8846-c7631ad76db6,2020,3,3,4,KZT,21322297,2025-01-12,2024-11-03,2023-03-12,2023-03-03,4741506,2024-12-12,2,Мектеп сыныптарына арналған оқу-құралдар жиынтықтарын жеткізу.,Поставка учебных канцелярских наборов для школьных классов.,Протокол разногласий,2025-04-29,2025-10-02,1,1,0,30.01,"г. Жанаозен, ул. Мангистауская, д. 7, Казахстан","г. Жанаозен, ул. Набережная, д. 10, Казахстан",Оплата после выполнения работ,Жұмыстар аяқталғаннан кейін төлем,0,406.05,3,2024-04-04 04:56:36
23,954,68,23,5ffb6489-c2f2-49dd-a7b8-ee8eab5d2c35,1,3,1,2025-11-21,2025-11-13 03:31:16,23,752537787504,FYZDRUM3J9X,FDCP2883324140740,Ресурс Банк,Ресурс Банк,23,597372782489,JJDURU8W,MKFL2543312623983,ҚорҚазақ Банк,Банк ГарантПлюс,d1a4bd85-6ac6-4810-b4d9-f646f3358348,d035173d-d708-41b3-88c3-27ce03dcaf5f,2016,3,1,3,EUR,9651543,2023-12-05,2023-03-01,2023-02-28,2023-07-02,5489841,2022-12-31,5,Қағаз сүлгілер мен дәретхана қағазын жеткізу.,Поставка бумажных полотенец и туалетной бумаги с доставкой.,Протокол согласования стоимости,2024-08-29,2025-03-03,9,1,0,95.28,"г. Капшагай, ул. Достык, д. 3, Казахстан","г. Капшагай, ул. Ленина, д. 2, Казахстан",Оплата поэтапно,Кезең бойынша төлем,0,514.50,3,2024-11-14 18:33:37
24,248,986,24,71a0dea7-2954-4563-8cf3-7e6e121f73e5,2,8,0,2024-09-25,2023-09-30 04:56:13,24,349122320655,WKGIRUVP7MH,UNZJ0153428494989,Транзит Банк,Транзит Банк,24,285195326446,ITRWRUPH,ETNG5283484878727,Жайық Қаржы Банк,Банк Стабильность,4457f76b-3882-47b0-9181-92eb89ae6568,64a44b95-d60e-42f2-b443-727da180be1e,2018,3,3,1,KZT,7022403,2025-05-24,2024-05-30,2024-04-19,2025-05-05,9866400,2024-08-07,3,Жуу құралдарын жеткізу және қолдану бойынша оқыту.,Поставка моющих средств и проведение семинара по использованию.,Протокол намерений,2024-10-29,2022-12-21,8,0,1,81.17,"г. Степногорск, ул. Промышленная, д. 12, Казахстан","г. Степногорск, ул. Промышленная, д. 9, Казахстан",Оплата ежемесячно,Ай сайынғы төлем,1,562.36,3,2023-02-04 18:02:15
25,1098,795,25,0f4af8a4-6fdd-402a-bd50-98852f7b9ba6,2,10,1,2025-03-04,2022-12-02 18:41:09,25,358044850231,GGHCRUBEUMD,WOPY6299839335415,ФинСервис Банк,Финанс Сервис Банк,25,843455828132,NUAMRUEY,DGWF7654705153449,Ертіс Инвест Банк,Банк ТрастСервис,1daac739-54a9-4be8-9e9e-d42ee204399c,95e88eee-342c-423c-9393-746de1fb79eb,2024,3,3,3,KZT,44573014,2024-08-26,2024-03-12,2024-12-10,2024-10-13,9770798,2025-04-15,3,Апталық график бойынша кеңсені тазалау қызметтері.,Клининг офисных помещений еженедельно согласно графику.,Письмо о намерениях,2023-04-06,2024-10-16,6,0,1,32.68,"г. Арыс, ул. Жангельдина, д. 23, Казахстан","г. Арыс, ул. Абая, д. 28, Казахстан",Оплата ежеквартально,Төрт ай сайынғы төлем,0,475.80,3,2023-11-11 05:03:36
26,456,537,26,501eab67-a92c-4bbb-b9c8-53ce2bb08dca,2,10,1,2023-04-04,2025-06-26 05:30:49,26,374590884746,TMGPRUH3GTC,UFPN2951648432771,Солидарлық Банк,Банк Солидарность,26,893378937111,UTSMRU9OA5N,KQMA9889540108916,Алатау Капитал Банк,Банк Мегаполис,6ed043a6-bfd9-41a9-8552-04cdc5e08bd4,8826b65c-be85-4097-8ca6-3db5722dba67,2025,4,4,5,KZT,13392778,2024-08-17,2025-06-09,2023-04-12,2022-11-28,1089872,2023-02-15,1,Ай сайын дизель отынын жеткізу.,Поставка дизельного топлива с ежемесячными поставками.,Письмо о согласовании сроков,2023-04-03,2024-02-07,10,1,1,96.28,"г. Есик, ул. Абая, д. 36, Казахстан","г. Есик, ул. Жамбыла, д. 12, Казахстан",Оплата авансом,Аванстық төлем,0,486.46,3,2025-09-12 09:30:31
27,330,631,27,70a89c06-ee87-489e-8a0a-c93a9da136dc,5,5,1,2025-01-07,2024-07-19 00:21:30,27,158792481826,CKDGRU26,FHPH7822927251387,ТрастФинанс Банк,ТрастФинанс Банк,27,563894751463,YOJKRUOIDQ3,BFGY9106650010379,Көкжиек Банк,Банк УралКапитал,62602e6e-f365-4149-a6ed-0624ef05de2e,f77a96cf-82b3-4336-aed6-5aac7ba17eb5,2015,5,2,1,USD,15055408,2025-11-13,2024-06-23,2024-08-24,2025-04-18,2884001,2024-07-04,2,Автопаркке арналған мотор майлары мен майлау материалдарын жеткізу.,Поставка моторных масел и смазочных материалов для автопарка.,Письмо о продлении сроков,2023-07-23,2024-02-24,10,0,0,87.92,"г. Шахтинск, ул. Октябрьская, д. 5, Казахстан","г. Шахтинск, ул. Октябрьская, д. 30, Казахстан",Оплата через банк,Банк арқылы төлем,1,488.83,3,2024-04-11 23:06:22
28,1176,135,28,f0e9eb95-69b7-4b79-a11a-6fc36cc2e1d0,2,10,1,2023-03-25,2024-08-02 22:21:11,28,217148113990,HMQRRUVE,YWSM2650752625664,Лидер Банк,Банк Лидер,28,677019181348,EIAERUUR,QUOQ5095533891097,ДалаКредит Банк,Банк Центральный,84c394ca-df20-4903-be56-4780d5b059c0,58249b66-7ae7-45a4-bbd6-add7d240327c,2023,4,4,1,USD,3638203,2023-07-17,2025-07-07,2023-12-07,2025-09-20,7022679,2023-05-16,4,Автокөлік бөлшектері мен техникалық қызмет көрсетуді ұйымдастыру.,Поставка автозапчастей и организация сервисного обслуживания.,Письмо-уведомление,2024-08-11,2023-07-14,2,1,1,72.93,"г. Лисаковск, ул. Центральная, д. 16, Казахстан","г. Лисаковск, ул. Центральная, д. 15, Казахстан",Оплата через электронные платежи,Электрондық төлем жүйесі арқылы төлем,1,518.89,3,2025-01-25 00:50:50
29,251,781,29,4e9fb9d9-938e-4ba6-8e8d-ac8f86eda6f6,4,1,0,2024-06-21,2023-02-02 18:01:43,29,925077352424,ECGFRUY4,VUVG6266484802717,Комфорт Банк,Банк Комфорт,29,348425887511,INCXRURY,VEUJ9021585459845,Керуен Қаржы Банк,Банк Корпоративный,f60e97b3-74bd-4220-8cc7-e259d8bb0ea4,675f0942-66ec-424f-86af-7a926a5ba3d2,2023,5,4,3,EUR,26407182,2023-04-16,2023-01-16,2023-08-09,2024-02-09,6872341,2025-03-24,3,12 айға қызметкерлерді тасымалдау үшін автобус жалдау.,Аренда автобусов для перевозки сотрудников на период 12 месяцев.,Письмо-подтверждение,2024-12-31,2025-05-17,9,0,1,6.53,"г. Сатпаев, ул. Шахтерская, д. 8, Казахстан","г. Сатпаев, ул. Майора Гапарова, д. 6, Казахстан",Оплата через кредит,Кредит арқылы төлем,1,588.21,3,2025-05-17 11:06:14
30,1010,105,30,a0245738-a9e3-47b8-801e-dca1a1799309,5,9,1,2024-02-24,2024-12-05 06:59:54,30,432482934184,HCSERUGLSQW,CXAE9579838691734,Пульс Банк,Пульс Банк,30,642612884530,UJMIRU9KD7L,AKIM0294967804373,ТасҚор Банк,Банк Малый Бизнес,f2cdef88-b9ae-4c69-a10b-f5b2758ff7b9,1bd30d4a-492c-41a5-a213-73c9723adb24,2024,2,3,2,USD,34097325,2025-02-09,2025-01-27,2023-07-04,2023-05-18,7462300,2023-11-07,3,Қазандықтарға техникалық қызмет көрсету және шығын материалдарын ауыстыру.,Техническое обслуживание отопительных котлов и замена расходников.,Заявка на поставку,2024-10-24,2025-04-27,2,0,0,54.85,"г. Кордай, ул. Маметова, д. 10, Казахстан","г. Кордай, ул. Абылай хана, д. 4, Казахстан",Оплата через систему SWIFT,SWIFT жүйесі арқылы төлем,1,556.91,3,2024-03-18 18:35:04
31,349,831,31,d7514f93-2cfe-4008-b0e6-91945e183102,2,5,0,2025-10-03,2024-10-14 16:28:08,31,495821835229,KPMHRUWOZS2,NXAB3800465827900,ПромСтрой Банк,ПромСтрой Банк,31,106347438351,HGDYRUYDF8X,HTAO9974552526708,Мерей Инвест Банк,Банк Городской,e2582505-a743-49c0-b62d-0379ce4a7207,27b10980-3ed7-45d6-ab0f-6ffac82032c1,2016,5,4,2,USD,27710351,2025-03-30,2023-06-15,2023-06-11,2024-05-12,9529391,2024-04-04,3,Кондиционерлерді монтаждау және сынақтан өткізу.,Поставка и монтаж кондиционирования с тестированием работы.,Заявка на оплату,2023-07-02,2025-05-20,8,1,1,4.29,"г. Боралдай, ул. Школьная, д. 24, Казахстан","г. Боралдай, ул. Жасұлан, д. 17, Казахстан",Оплата через карточный перевод,Банк картасымен төлем,1,478.08,3,2023-07-29 09:32:13
32,507,12,32,a17b240d-9700-47a1-bd02-a0456daccf96,1,3,0,2024-01-01,2024-11-06 21:05:36,32,761121029031,XZSPRUYTL1G,TTZJ2150474497269,Өскемен Банк,Усть-Каменогорский банк,32,780036612017,SMTNRULC,LQAF0152507142387,Отан Қаржы Банк,Банк Региональный,cbfc58d6-ad45-43b9-84a3-6e1a321f3703,88aea11e-5eaa-4cbf-ad3e-e8ac0faf5cfc,2017,3,2,5,EUR,32540701,2023-06-15,2023-08-29,2023-10-20,2024-07-15,139407,2024-02-13,2,Күн панельдерін және инверторларды орнату.,Поставка солнечных панелей и инверторов с гарантийным сроком 5 лет.,Заявка на закуп,2023-02-04,2023-03-02,1,1,0,51.89,"г. Бурабай, ул. Туризм, д. 3, Казахстан","г. Бурабай, ул. Туристическая, д. 1, Казахстан",Оплата по аккредитиву,Аккредитив арқылы төлем,1,510.52,3,2023-12-04 01:04:39
33,364,921,33,ad44a42c-71ce-4bde-bcd1-8ec2a80ef012,4,1,0,2024-08-31,2024-11-22 05:16:30,33,313893982821,LJUIRUW8,MLIN9103881949406,Шымкент Қаржы Банк,Шымкент Финанс Банк,33,667085582265,LZSPRURA8UZ,THYJ5668933739768,КүмісҚазына Банк,Банк Новая Волна,8100c568-fb15-4e58-9aa8-a4228ea092f6,1595a1c3-c15e-40ba-835e-02c9da0558ad,2024,1,1,1,USD,35004825,2024-11-18,2023-09-11,2024-02-11,2025-07-11,1993132,2023-11-13,5,Қоймаға арналған сөре жүйелерін жеткізу және монтаждау.,Поставка складских стеллажей и установка по плану склада.,Заявка на аренду,2023-10-04,2022-12-23,10,0,0,0.95,"г. Щучинск, ул. Привокзальная, д. 44, Казахстан","г. Щучинск, ул. Октябрьская, д. 22, Казахстан",Оплата по поручению,Жауапкершілік бойынша төлем,1,459.46,3,2025-07-21 18:22:52
34,217,647,34,d1893dae-fea9-461b-aba9-a278dbb9e425,3,5,0,2024-09-08,2025-06-25 00:33:22,34,294581882071,OSXARUMW,BLHU6741011135287,Қарағанды Капитал Банк,Караганда Капитал Банк,34,453355202818,UPQVRU5ZLBE,VAQG5843350886061,Қамқор Капитал Банк,Банк ПроектКапитал,3b3530a9-816d-436c-baaa-6b46e59f267d,0321c148-09ed-4d02-ac37-0a4d45225f73,2016,1,4,1,KZT,29981711,2024-04-07,2025-04-01,2024-03-10,2024-12-23,4432323,2024-01-31,2,"Ай сайын қаптама материалдарын (қорап, пленка, скотч) жеткізу.","Поставка упаковочных материалов (коробки, плёнка, скотч) ежемесячно.",Уведомление о выполнении работ,2023-03-18,2025-01-30,4,0,0,4.19,"г. Шиели, ул. Мира, д. 14, Казахстан","г. Шиели, ул. Нұрсұлтан, д. 13, Казахстан",Оплата по накладной,Жеткізу кезінде төлем,1,583.20,3,2024-03-10 08:46:02
35,666,91,35,13438708-10d6-448f-a2a1-4d8f940f5984,1,3,0,2024-11-21,2023-11-04 02:12:59,35,274313092323,QGNORUZO,HSEO5372564423041,Семей Инвест Банк,Семей Инвест Банк,35,752080660456,HSXPRU0G,MTJJ7629210890394,ТұлғаҚор Банк,Банк ПартнёрКредит,412ffde3-14a6-4f88-a584-c5cd95a4375e,0bb7a454-83e7-4f84-9504-ab827024f561,2019,3,1,4,EUR,44721949,2023-12-28,2025-09-20,2025-07-06,2025-03-01,7170821,2023-01-19,3,Тағам өнімдеріне арналған пластик контейнерлерді сертификатпен жеткізу.,Поставка пластиковых контейнеров для пищевой продукции с сертификатами.,Уведомление о поставке,2024-08-04,2024-08-03,7,1,1,61.65,"г. Сарыагаш, ул. Курмангазы, д. 13, Казахстан","г. Сарыагаш, ул. Махамбета, д. 7, Казахстан",Оплата при доставке,Қызмет көрсеткеннен кейін төлем,1,440.76,3,2023-10-06 22:55:10
36,860,584,36,1af5c692-339c-45fb-ad43-893308100379,2,6,0,2022-12-11,2024-04-25 16:34:58,36,436918431938,UTQSRU8PXYX,FNLZ3522251082248,Талдықорған Банк,Талдыкорган Банк,36,467038772085,ZNSKRU5C,VLZO4134447381719,Бақыт Инвест Банк,Банк КапиталПлюс,9275e4f9-b40c-475e-aae0-1c6b2fefeed1,92cf7480-bc45-4eda-a8bd-b44c423e7470,2024,1,3,5,KZT,16128833,2023-04-15,2024-04-19,2024-02-16,2025-02-23,5714018,2023-07-27,1,Асханаға арналған азық-түлік жеткізу.,Поставка продуктов питания для корпоративного столового питания.,Уведомление об отгрузке,2023-02-16,2023-10-04,5,1,0,55.37,"г. Жаркент, ул. Абая, д. 56, Казахстан","г. Жаркент, ул. Тулебаева, д. 19, Казахстан",Оплата по факту оказания услуги,Келісім бойынша төлем,1,450.85,3,2025-04-17 17:49:47
37,132,75,37,f9b43c74-5258-41a2-9697-f4bfbe1240e6,3,1,1,2023-04-01,2023-07-18 11:02:42,37,704085179942,RWNDRUBI,WOJB7405600777936,Есіл Банк,Есиль Банк,37,483993988309,LAIYRUW4,XPBC1436397612274,ЖасҚанат Банк,Банк ФинТех,9f751307-ea6b-4ccb-955f-e2f203124758,cec4ddec-a838-4c57-a614-a9c35363d815,2022,3,2,4,KZT,35990958,2025-06-07,2023-05-08,2025-01-27,2025-09-04,6712529,2025-04-05,0,500 адамға дейінгі іс-шараларға арналған кейтеринг қызметі.,Кейтеринговые услуги на корпоративные мероприятия до 500 персон.,Уведомление о приёмке,2023-04-02,2025-05-23,2,0,0,8.67,"г. Кентау, ул. Жастар, д. 22, Казахстан","г. Кентау, ул. Бейбітшілік, д. 11, Казахстан",Оплата после согласования,Тестілеуден кейін төлем,0,499.42,3,2023-04-06 08:34:48
38,466,916,38,db7679a9-ad4c-41da-b87a-aad2ad1c966d,2,8,0,2025-07-15,2024-09-30 11:02:44,38,476911438293,XJXMRUWZ3GB,WLEL7553081803882,Бәйтерек Кредит Банк,Байтерек Кредит Банк,38,158579452790,MGKSRUFW,GETT3018762027193,КөкТеме Банк,Банк ДиджиталСервис,87841e16-b002-49b6-a2ef-4365445a76f2,ce647dd1-fb45-446a-858c-7dfc53c362d4,2017,4,3,4,USD,19723906,2023-01-25,2023-08-08,2025-08-02,2023-11-01,9458410,2024-05-13,2,Сахна және дыбыс жабдығын жалға беру және техникалық қолдау.,Аренда сцены и звукового оборудования с техническим сопровождением.,Подтверждение поставки,2023-08-07,2023-01-23,3,0,1,64.53,"г. Арал, ул. Сейфуллина, д. 10, Казахстан","г. Арал, ул. Нұршиһан, д. 5, Казахстан",Оплата после тестирования,Инспекциядан кейін төлем,1,588.33,3,2025-11-13 15:14:45
39,108,715,39,89568469-d487-4c36-9153-57ab0f7634fe,2,7,1,2023-04-11,2025-10-14 00:17:27,39,249979960934,TCFWRUIH,PSVM5656533956726,Айбек Банк,Айбек Банк,39,170927650788,LHTDRU1M,TIRJ8623837247385,Қуат Қаржы Банк,Банк ТранспортФонд,71ad6221-2db0-4dd9-8530-1d13c9b82b84,ee814623-ac5d-43b5-a31d-39925c58c158,2020,4,5,1,KZT,11937731,2024-11-29,2024-10-08,2024-06-15,2023-08-30,9700939,2024-01-18,1,Конференция ұйымдастыру және қатысушыларды тіркеу.,"Организация и проведение конференций, включая регистрацию участников.",Подтверждение оплаты,2025-09-01,2022-11-28,4,1,0,32.77,"г. Байконур, ул. Гагарина, д. 7, Казахстан","г. Байконур, ул. Гагарина, д. 20, Казахстан",Оплата после инспекции,5 күндік кешіктірілген төлем,0,550.44,3,2025-11-21 15:49:14
40,662,337,40,1389507a-a577-4236-8be4-24d127f55465,3,2,0,2023-09-20,2023-07-04 09:38:59,40,368638596420,KUIFRUC8,JFEO7415102835195,Орталық Банк Серіктесі,Орталык Банк,40,349305871654,HNMHRUILNX7,UHAC1188128590870,ҚазОрда Банк,Банк ЛогистикКредит,76109b30-daa9-42b8-a2ea-695b0d90b822,94b99734-ba04-45da-99aa-120d358185d6,2024,1,3,4,USD,47743356,2024-02-17,2024-03-14,2023-08-18,2024-01-12,1332362,2024-03-28,0,Корпоративтік веб-сайт әзірлеу және бейімделген дизайн.,Разработка корпоративного сайта с адаптивным дизайном и CMS.,Акт осмотра,2024-12-24,2023-07-12,1,1,1,3.64,"г. Уральск, ул. Молдагалиева, д. 48, Казахстан","г. Уральск, ул. Молдагалиева, д. 27, Казахстан",Оплата с задержкой 5 дней,10 күндік кешіктірілген төлем,1,510.97,3,2024-07-01 21:42:06
41,144,585,41,69b66c90-aa8a-44f6-ad9a-ee6e26b4609c,4,8,1,2023-11-25,2025-11-01 13:46:16,41,588398309125,QTMRRUXRBMO,BDHH6148019628536,Солтүстік Серіктес Банк,Северный Партнёр Банк,41,773763058535,BEHBRUS2,SXMA1049838344727,Аманат Қор Банк,Банк ЭнергоКапитал,2e30dc00-b66b-46dd-85bf-2006f38803fd,28868752-82e6-4185-9fee-14b26be47f07,2020,2,3,3,EUR,42412361,2025-08-05,2023-06-20,2024-11-11,2023-09-05,9342913,2025-01-18,4,iOS және Android үшін мобильді қосымша әзірлеу.,Разработка мобильного приложения для клиентов под iOS и Android.,Акт дефектации,2023-08-17,2025-02-02,7,0,0,32.58,"г. Тараз, ул. Жамбыла, д. 29, Казахстан","г. Тараз, ул. Қожахмет Ясауи, д. 8, Казахстан",Оплата с задержкой 10 дней,15 күндік кешіктірілген төлем,0,511.06,3,2023-08-08 14:36:30
42,874,568,42,424b4355-2757-4ae5-a492-71bb581e7d26,1,9,1,2025-11-01,2024-06-19 15:09:21,42,903272156504,ESPERURM,RDJL1126693653559,Технологиялар Банк,Банк Технологий,42,404207488246,VBIDRUQRD8J,YKMM8415584412501,Даңқ Инвест Банк,Банк ЭкспортФинанс,aa6d0526-40a9-4ac6-a21c-427fbab37c04,0853e823-86ee-4764-9440-54294f388170,2019,2,5,4,USD,46770430,2025-10-09,2023-06-30,2023-06-07,2023-11-25,3849305,2024-01-12,0,CRM жүйесін енгізу және персоналды оқыту.,Поставка и внедрение CRM-системы с обучением персонала.,Акт демонтажа,2025-09-22,2025-06-24,8,1,0,6.15,"г. Астана, пр. Республики, д. 60, Казахстан","г. Акмолинск (Көкшетау), ул. Евразия, д. 3, Казахстан",Оплата с задержкой 15 дней,30 күндік кешіктірілген төлем,0,537.87,3,2025-02-01 07:51:39
43,304,975,43,4e0e530b-e171-4272-8214-223c487a437f,2,5,0,2025-01-24,2024-11-01 01:53:58,43,885980129116,PBZLRUIK,QEBG1235742069251,Логистик Банк,Логистик Банк,43,523811557110,LOFLRUSA0W0,AVHE7505490021665,ЖолБасшы Банк,Банк ИмпортПлюс,3c9b15c4-9a05-4121-b9f2-c4fee3832fdc,72cb6a44-6a35-4cdc-9460-43dfa9d397f1,2022,5,2,5,KZT,9665440,2023-03-07,2024-04-22,2023-06-01,2023-03-30,3350408,2023-12-28,5,Бұлттық хостинг және деректерді резервтік көшіру қызметтері.,Предоставление облачного хостинга и резервного копирования данных.,Акт установки оборудования,2024-11-19,2025-07-19,1,0,1,51.27,"г. Алматы, ул. Сейфуллина, д. 102, Казахстан","г. Алматы, ул. Байсеитова, д. 36, Казахстан",Оплата с задержкой 30 дней,60 күндік кешіктірілген төлем,1,457.34,3,2024-02-23 04:05:38
44,101,933,44,5300b095-7a60-4e1e-a697-8fea30e81e50,1,5,1,2023-12-05,2025-06-17 16:02:49,44,164315599223,INAHRU61,MTUY4991175970684,МедФонд Банк,МедФонд Банк,44,866782384654,YJHXRUU8FI8,SAAU2929933217788,Самғау Қаржы Банк,Банк РесурсФинанс,be141b46-922c-4b0c-a880-afb8a6181433,935e7211-935e-4c87-b0b8-e5e1833a4a6f,2023,2,1,3,USD,4082076,2025-06-04,2024-01-12,2025-08-23,2025-06-29,1071810,2025-02-04,0,Ақпараттық қауіпсіздік аудиті және түзету шаралары.,Аудит информационной безопасности и предложение мер исправления.,Акт ввода в эксплуатацию,2025-05-08,2023-02-15,3,0,1,15.76,"г. Шымкент, ул. Байтурсынова, д. 18, Казахстан","г. Астана, ул. Ыбырай Алтынсарин, д. 14, Казахстан",Оплата с задержкой 60 дней,Жеткізу кезінде қолма-қол төлем,0,511.90,3,2023-03-17 05:59:51
45,623,1086,45,b02aa258-7fa1-41f1-9e66-6cb77c078a36,3,1,0,2023-01-23,2025-05-31 04:50:44,45,359142734077,CFNURUSZ,QEOE8871779128529,ЭнергоПро Банк,ЭнергоПро Банк,45,141474259952,QUQTRUXN,NPHU7820311310238,Болашақ Капитал Банк,Банк ФинансГарант,f85c7412-f40c-4863-9439-15344e69b449,e6e265e6-89d4-4c7d-aa6e-b1d445a5c5f5,2019,5,2,4,USD,19570966,2024-03-22,2023-07-31,2023-08-11,2024-06-07,4763259,2025-02-07,0,Серверлік сөрелер мен жабдықты жеткізу.,Поставка стоек и серверного оборудования с гарантией поставщика.,Акт испытаний,2025-06-09,2023-06-04,2,0,1,35.89,"г. Караганда, ул. Ермекова, д. 45, Казахстан","г. Шымкент, ул. Райымбек батыра, д. 25, Казахстан",Оплата наличными при поставке,Қабылдау кезінде банктік аударым,1,545.97,3,2023-11-09 06:41:31
46,27,725,46,bb9b3082-79ba-494f-bd5c-32bc6d20fe2b,5,4,1,2023-01-08,2024-01-10 23:24:40,46,771828144808,PBNORU6KFWO,KNUJ0974323984402,Су Ресурсы Банк,Водный Ресурс Банк,46,158698586965,XWBKRUZB,ENVM6176543145753,ҚазҚұт Банк,Банк АльянсИнвест,d1392f3c-55f6-4314-be33-d46554dd065b,cfbb8753-d6d7-435b-b339-8d45afe7132c,2015,4,1,3,USD,24323947,2025-09-02,2024-10-14,2022-12-18,2023-01-05,1381501,2025-03-13,5,Биометриялық терминалдарды жеткізу және баптау.,Поставка и настройка биометрических терминалов входа.,Акт приёмо-сдаточных испытаний,2025-04-30,2024-02-18,4,0,1,51.91,"г. Актобе, ул. Алиева, д. 76, Казахстан","г. Караганда, ул. Молодёжная, д. 44, Казахстан",Оплата безналом при получении,Бөліп төлеу,0,590.50,3,2023-01-20 17:20:03
47,522,426,47,d1a03810-ab2a-48c3-ac92-123c13ea2a99,4,10,1,2025-11-10,2024-04-24 05:37:10,47,565865644710,BNAKRUWYL3H,OWLN7574792448685,ХимПром Банк,ХимПром Банк,47,737439421641,EKAMRUH8TNO,KSIS9933040372536,Артықшылық Банк,Банк СейфКредит,39c28989-890d-4fa2-aa52-837b5f9eef00,0bc2e823-9b2c-4d18-bd7c-6b4a54847aa5,2016,1,3,2,EUR,10193853,2023-08-24,2024-02-20,2024-01-11,2024-10-16,485260,2023-07-06,3,Қонақүй жиһаздарын белгіленген дизайн бойынша жеткізу.,"Поставка мебели для гостиниц (кровати, тумбы) в заданном дизайне.",Акт калибровки,2023-06-11,2023-11-18,4,0,0,22.47,"г. Павлодар, ул. Лермонтова, д. 63, Казахстан","г. Актобе, ул. Мунайшы, д. 21, Казахстан",Оплата частями,Кезең-кезеңімен төлеу,1,439.79,3,2025-10-24 03:46:38
48,1062,898,48,8ee990e0-dc04-43f1-800a-4849acb6a783,1,10,1,2023-09-02,2023-11-07 02:21:00,48,714063346949,QMPFRUETOT9,WLHF6021435271990,Экспорт Банк,Экспорт Банк,48,502521926416,BJYARU4GHQ4,ELWW1801726482205,НұрКредит Банк,Банк ПульсФинанс,a59c3df0-38ba-4d57-8d44-faf9e2a3dd10,e2473198-9d2b-47f2-8b91-cf15592325cc,2023,4,3,2,KZT,25839941,2025-05-02,2025-02-24,2024-10-12,2024-12-21,7226714,2025-10-09,5,"Қонақүй текстильдерін (төсек-орын, сүлгі) логотиппен жеткізу.","Поставка гостиничного текстиля (постельное бельё, полотенца) с логотипом.",Протокол испытаний,2023-06-14,2024-12-09,3,1,0,45.09,"г. Усть-Каменогорск, ул. Потанина, д. 19, Казахстан","г. Павлодар, ул. Октябрьская, д. 13, Казахстан",Оплата по этапам,Жоба бойынша төлем,0,437.73,3,2024-05-16 07:57:49
49,921,670,49,a1c42bba-63c4-4093-a6c2-3173b8c374b9,3,6,1,2025-10-19,2024-05-30 11:01:32,49,184956008465,FVDVRUDM,AKGT1082889072833,Импорт Банк,Импорт Банк,49,901466697985,LPUGRURD,NWGV8205109507922,ҚазЫнтымақ Банк,Банк ПроАктив,2b684b0f-daa0-46f6-bad9-db6964ed3c49,a01a489f-ea71-4b92-b36d-3eb8e7a77318,2023,5,3,1,EUR,26447094,2024-02-02,2023-09-15,2025-07-05,2025-11-16,830199,2024-01-07,3,Еңбек қауіпсіздігі бойынша оқыту өткізу.,Проведение обучения персонала по охране труда и технике безопасности.,Паспорт изделия,2025-05-20,2024-01-29,9,0,0,84.35,"г. Костанай, ул. Баймагамбетова, д. 33, Казахстан","г. Усть-Каменогорск, ул. Абая, д. 31, Казахстан",Оплата по проекту,Смета бойынша төлем,1,560.58,3,2024-05-15 00:34:05
50,31,29,50,fa28efcb-37e7-4a42-bf80-e9cdf9f30221,1,6,1,2024-04-01,2023-02-03 08:22:04,50,769544940174,MLDYRUOC,OYEK4363282367040,Континент Банк,Континент Банк,50,954501779998,ZNGERU9D,DUOM6406375645572,Қастер Банк,Банк СолидКапитал,aee2c11b-62bd-4ad3-8aa7-126f1b5c4ffe,8dd354d7-0bcd-4e79-ab7f-ce4e42748089,2023,2,5,1,KZT,45420607,2023-07-31,2025-01-09,2024-06-22,2023-09-13,2124449,2023-07-06,4,Оқу-әдістемелік материалдарды жеткізу.,Поставка учебных пособий и методических материалов для обучения.,Паспорт оборудования,2023-09-16,2024-04-25,8,1,1,59.35,"г. Кызылорда, ул. Академическая, д. 12, Казахстан","г. Костанай, ул. Ыбырай Алтынсарин, д. 7, Казахстан",Оплата по смете,Несиеге бөлу,1,542.79,3,2025-08-26 02:19:22
51,403,723,51,1c55b227-1386-4393-ad99-63747f260144,5,8,1,2024-08-23,2023-10-27 15:24:33,51,717165488837,AFCYRUMW,COBR9437886570101,Альянс Банк,Альянс Банк,51,489461654081,UGZVRU8IC2Y,XLKK5158143172898,Еураз Траст Банк,Банк ДомФинанс,1be0adaa-8b8f-483e-b0ec-9ccf76d20bc8,6f56d510-6617-4bf8-beec-66e81f9e418f,2017,1,1,2,KZT,5578851,2025-06-07,2023-03-30,2023-12-08,2024-03-21,6041476,2024-03-12,0,Жол белгілерін жеткізу және жол сызықтарын сызу.,Поставка дорожных знаков и нанесение дорожной разметки.,Сертификат качества,2024-12-02,2024-12-17,7,0,0,87.98,"г. Атырау, ул. Сатпаева, д. 101, Казахстан","г. Кызылорда, ул. Казыбек би, д. 26, Казахстан",Оплата в рассрочку,Қол қойылған акт бойынша төлем,1,520.38,3,2024-04-09 07:49:14
52,880,732,52,67f1593f-aa8f-410d-8331-d03c4f803b70,4,7,0,2023-05-22,2023-12-10 06:19:46,52,553052903999,XTCORUYYFNA,RHLW2102111617838,Гарант Банк,Гарант Банк,52,315057756288,UNWIRUXO,MIYG9363057054527,Ұмай Қаржы Банк,Банк КлиникФонд,cf51e9fc-0dd9-4bb6-befc-7434e431035b,98158e59-85b4-4f4b-91b6-d300dd69756d,2022,2,2,4,EUR,32404656,2023-09-17,2024-05-25,2025-02-09,2023-07-22,7613783,2024-02-09,3,Көше жарығын орнату және шам бағандарын монтаждау.,Поставка уличного освещения и монтаж фонарных столбов.,Сертификат соответствия,2023-06-07,2025-10-12,1,1,1,42.76,"г. Актау, ул. 5-й микрорайон, д. 3, Казахстан","г. Атырау, ул. Махамбет, д. 2, Казахстан",Оплата по подписанному акту,Жұмыстар аяқталғаннан кейін төлем,1,427.53,3,2024-06-12 02:22:16
53,250,828,53,66de0242-7e4d-46b8-8ddc-e400106a9101,4,3,1,2022-12-22,2024-11-09 13:26:33,53,690150262012,YMHRRUU2FXN,LIXD3282880584556,Премьер Банк,Премьер Банк,53,437514482724,YOVTRUE2CLM,JJIY2284678430892,Тұран Инвест Банк,Банк КредитСервис,dafca25b-55b2-4446-a635-cabe7e1ada4f,ae7a7fd3-6673-4f70-b34f-52149b686900,2021,3,5,4,EUR,45768617,2024-08-11,2024-01-24,2025-07-25,2023-12-06,3457095,2025-05-13,5,Балалар ойын алаңдарын орнату және қауіпсіздік сертификаттары.,Монтаж детских игровых площадок с покрытием и сертификатами безопасности.,Гарантийное письмо,2023-02-28,2022-12-30,5,1,0,14.42,"г. Семей, ул. Физкультурная, д. 8, Казахстан","г. Актау, ул. Мангилик ел, д. 18, Казахстан",Оплата по завершении работ,Орнату аяқталғаннан кейін төлем,0,545.84,3,2022-12-17 02:21:04
54,30,307,54,98da759c-5e5c-4a65-a5c7-4575ecaaef2e,5,8,1,2025-10-19,2023-06-12 23:56:47,54,546800566782,CGIRRUXH1PI,SOSD2181786152177,Ритейл Банк,Ритейл Банк,54,309865371809,RWHPRUG9,JADD9368181161401,Берік Қор Банк,Банк СтартАп Финанс,fe3119b0-1344-47f5-bcf7-b11a3f0903df,456e5122-11d0-4c71-b297-164903e8d11c,2021,5,5,3,EUR,12574598,2025-09-14,2024-08-07,2024-05-06,2024-08-08,8083937,2024-09-05,4,Аумақты абаттандыру және көгалдандыру.,Благоустройство и озеленение территории с последующим сервисом.,Гарантийный талон,2023-08-22,2023-12-22,7,0,1,27.61,"г. Кокшетау, ул. Акан серы, д. 12, Казахстан","г. Семей, ул. Мұхтар Ауэзов, д. 9, Казахстан",Оплата по завершении монтажа,Актқа қол қойып төлем,0,419.46,3,2025-04-16 15:46:01
55,287,957,55,4cbd7d22-289c-46c1-b341-259f0d7ddfd6,3,3,1,2024-03-31,2025-04-17 23:03:35,55,222307215668,ISGMRU0F4FU,RLAL1150622562212,Маркет Банк,Маркет Банк,55,628075986859,ACVLRUYU,SZLM4906222737390,Шұғыла Қаржы Банк,Банк Кооперативный,1aefa7f6-413d-4c6b-a03d-6d5ea2f8caa4,0089c79f-367b-4d30-aacd-58eed46d1367,2019,4,2,3,EUR,4859806,2024-02-20,2025-11-01,2024-08-29,2025-01-02,632880,2024-08-13,0,"Тұқымдар, тыңайтқыштар жеткізу және агротехникалық сүйемелдеу.","Поставка семян, удобрений и агротехническое сопровождение проекта.",Письмо-гарантия,2023-10-26,2024-10-09,7,0,1,93.86,"г. Петропавловск, ул. Театральная, д. 28, Казахстан","г. Кокшетау, ул. Тәуелсіздік, д. 4, Казахстан",Оплата с подписанием акта,Шот көрсетілгеннен кейін төлем,0,502.84,3,2024-11-30 03:34:41
56,601,369,56,91c930c3-744c-4089-83fa-846f12ced7f0,1,1,0,2025-10-02,2023-05-09 18:55:25,56,368596261436,YZXFRUI9M7Z,ZZOX2573917931938,Стартап Банк,Стартап Банк,56,348954858706,WLHXRUDV,ZOVS9310232033657,АйСұлу Инвест Банк,Банк ТехноФонд,7261146c-74ad-46c5-80b2-fbd64763a135,c8124d2a-3313-4b7d-b34d-a6742237594f,2022,5,4,4,USD,1067118,2024-01-17,2024-12-08,2025-02-14,2025-03-02,5511047,2025-01-07,4,Ауыл шаруашылығы техникасын жеткізу және оқыту.,"Поставка сельхозтехники (тракторы, культиваторы) с инструктажем.",Документ-основание,2025-06-12,2024-02-19,10,1,0,36.74,"г. Туркестан, ул. Қарасай батыр, д. 15, Казахстан","г. Петропавловск, ул. Куйбышева, д. 34, Казахстан",Оплата с выставлением счета,Келісімшартқа қол қойылғаннан кейін төлем,0,547.20,3,2022-11-28 19:16:21
57,1141,538,57,2bd687d3-2f26-415e-a0df-28d39089ba04,4,2,0,2024-09-27,2024-03-13 23:21:06,57,152210289011,OLHORUW4,UEBA0782863278990,КапиталПлюс Банк,Капитал Плюс Банк,57,983080369842,KRAJRUHM,CBUL8178063122444,Қарлығаш Қаржы Банк,Банк ИндустриалКапитал,6e1ae1eb-f587-4423-8be7-e76f79f762d7,8afde42d-972a-4616-9043-99cfd3a43d8f,2020,4,5,2,EUR,16509483,2023-04-28,2025-01-02,2025-05-31,2024-09-11,6625797,2023-03-03,2,Мал азығын жеткізу және сапаны бақылау.,Поставка кормов для скота и контроль качества партий.,Регистрационный документ,2023-07-13,2024-02-08,8,0,1,83.19,"г. Экибастуз, ул. Әуезов, д. 49, Казахстан","г. Туркестан, ул. Ноғайбұлақ, д. 16, Казахстан",Оплата после подписания договора,7 күн ішінде төлем,1,551.44,3,2024-01-19 18:13:39
58,734,110,58,83de341a-eada-455d-8540-13ace1c41392,5,8,0,2025-02-25,2023-03-26 03:41:22,58,298592302690,SLKERUAF,NJEK1766423370263,Сенім Банк,Доверие Банк,58,737445992614,GJWERUOHVVN,MIKU6439830902696,ҚазТаңдау Банк,Банк АгроПро,9e7d13d3-a143-467c-aa83-4f6aac12a332,283ec613-c347-4f35-abf4-86c24a0414c2,2022,1,4,3,EUR,20881188,2024-02-18,2023-05-31,2023-06-13,2024-05-17,2861329,2023-10-23,2,Ветеринарлық қызмет көрсету және вакцинация жүргізу.,Ветеринарное обслуживание и вакцинация сельскохозяйственных животных.,Лицензия на обслуживание,2024-01-24,2024-10-02,8,0,1,94.71,"г. Рудный, ул. Ленина, д. 6, Казахстан","г. Экибастуз, ул. Комсомольская, д. 29, Казахстан",Оплата в течение 7 дней,14 күн ішінде төлем,1,452.02,3,2025-08-07 11:33:12
59,925,1039,59,d445e024-fb16-4e27-81fa-93d832494820,3,6,1,2025-07-25,2024-05-15 22:58:24,59,751065032652,VMSDRUM5HN4,UIID7226106173815,Универсал Банк,Универсал Банк,59,222222393047,NCIMRUNO,VPMZ1524295585072,Аңғар Инвест Банк,Банк ФлотКредит,cacd8d16-bae6-4488-9fb7-6d53561e6b7c,074ef235-65f0-4f44-b1be-64466a299f54,2023,3,4,3,EUR,37894520,2025-07-03,2023-10-16,2024-09-22,2025-02-24,9445885,2025-09-06,4,Тағам өнімдеріне арналған қаптамаға логотип басу және жеткізу.,Поставка упаковки для пищевой продукции с нанесением логотипа.,Разрешение на установку,2024-03-12,2024-05-11,3,0,1,43.81,"г. Жезказган, ул. Байконур, д. 10, Казахстан","г. Рудный, ул. Октябрьская, д. 12, Казахстан",Оплата в течение 14 дней,21 күн ішінде төлем,0,406.19,3,2023-11-30 18:39:04
60,1125,651,60,31a1af1e-0842-457f-b89e-7aa01a23cdb0,4,7,1,2024-10-07,2024-03-05 08:23:14,60,384225498130,WFHNRU8F,AGWA0064850892318,Жоба Банк,Проект Банк,60,766182989433,FIUMRUVWPEW,HJGA3238259490653,Самал Қаржы Банк,Банк ТехМаркет,7bfc0d7c-d10a-49e8-b9fe-4c58f7af50da,b955aba7-38ac-456b-af58-964cb94327de,2016,5,5,2,USD,10126566,2025-04-29,2024-02-08,2023-10-19,2023-03-17,1539771,2023-09-29,1,Маркетинг қызметтері және digital-жарнама науқандары.,Маркетинговые услуги по продвижению бренда и digital-кампании.,Разрешение на эксплуатацию,2025-04-03,2024-06-13,2,1,1,15.08,"г. Балхаш, ул. Сейфуллина, д. 21, Казахстан","г. Жезказган, ул. Қарағанды, д. 2, Казахстан",Оплата в течение 21 дня,28 күн ішінде төлем,0,476.99,3,2023-01-30 09:26:27
61,861,1190,61,f050d1a8-2e23-4fec-97cf-3c896e6b3679,3,1,0,2024-02-18,2023-03-17 15:58:54,61,195916931483,SYHERUE22YL,CQPS6057864885866,ФинТех Банк,ФинТех Банк,61,686648936099,ZXFGRUSBSSB,TOMP6155609211064,НұрСамғау Банк,Банк КомфортФинанс,6f3b6f3f-e505-42ad-b033-eebc419a2d21,dac24048-e83e-4ed3-88ac-ace187a24439,2018,1,4,2,EUR,26873947,2024-12-28,2024-04-17,2023-08-23,2023-08-26,5606081,2024-08-26,2,Жарнамалық құрылымдарды жеткізу және монтаждау.,Поставка рекламных конструкций и монтаж на площадке.,Технический регламент,2024-03-19,2025-01-27,8,1,0,38.93,"г. Темиртау, ул. Репина, д. 44, Казахстан","г. Балхаш, ул. Сарыарқа, д. 6, Казахстан",Оплата в течение 28 дней,Жеткізу накладнасына қол қойғаннан кейін төлем,0,577.03,3,2025-07-25 20:56:53
62,130,15,62,365e1903-67ca-4a09-97d5-76124d061089,5,1,1,2025-03-11,2023-02-19 06:29:22,62,770332652000,YCTURU85,BXRT1539463753857,Диджитал Банк,Диджитал Банк,62,923424662358,ERVWRUCY,DIKJ3844222842145,Тәңір Қор Банк,Банк РескьюФинанс,097d1352-58c7-4671-b70e-07005580b6c4,0dfec14f-b4d4-4bfd-82d1-2ce6c8997936,2020,2,2,5,EUR,27475051,2024-08-31,2025-11-06,2025-05-31,2023-12-17,4293660,2025-03-24,5,"Полиграфиялық қызметтер: буклеттер, брошюралар, каталогтар басу.","Полиграфические услуги: печать буклетов, брошюр, каталоги.",Проектная документация,2024-06-16,2023-06-08,6,0,0,84.40,"г. Талдыкорган, ул. Абылай хана, д. 22, Казахстан","г. Темиртау, ул. Промышленная, д. 27, Казахстан",Оплата после подписания накладной,Контракт бойынша төлем,0,408.46,3,2023-07-17 19:39:27
63,535,656,63,c8cd5e23-2fd5-47a4-b8b8-71c0eb0111ac,4,8,0,2025-04-01,2023-04-27 15:39:10,63,439781386052,HLCLRU0P7EO,CRJL7449895201067,Серіктес Банк,Партнёр Банк,63,715365692150,MWJVRU0VU2B,PHOL7980196840411,Жарқын Инвест Банк,Банк ПремиумСервис,bcedd1e5-b995-45c7-beba-ef5b57629bb0,2708b00e-ec1a-4332-bece-75f0bafa6bcd,2021,2,3,4,KZT,46097166,2023-10-09,2024-11-22,2024-12-26,2023-02-20,4759982,2025-11-12,5,Промо-өнімдер мен корпоративтік сыйлықтарды дайындау.,Изготовление промо-материалов и сувенирной продукции с брендингом.,Проект договора,2025-04-13,2024-05-05,10,1,0,39.76,"г. Жанаозен, ул. Микрорайон 4, д. 6, Казахстан","г. Талдыкорган, ул. Желтоқсан, д. 8, Казахстан",Оплата по контракту,Тапсырыс бойынша төлем,0,589.88,3,2025-07-17 11:03:40
64,868,983,64,c0fe1bd2-2f5b-4516-a04a-e08fe7710a8e,1,7,0,2022-12-20,2024-06-25 10:33:08,64,236615820415,SWELRURY,WVDR5599426667975,Холдинг Банк,Холдинг Банк,64,859409847020,EQCDRUIX,GVKJ8452985371078,АлтынДал Банк,Банк РегионПлюс,1552843e-3128-4cdd-b96d-068e81a862ab,24400ace-c899-4c51-9dba-03260d3a8596,2023,3,5,5,USD,23465734,2025-05-20,2024-06-08,2025-03-09,2024-03-21,2076554,2025-04-28,1,Аударма қызметтері және қажет жағдайда нотариалды растау.,Переводческие услуги письменные с нотариальным заверением при необходимости.,Проект соглашения,2025-08-09,2023-03-08,10,0,0,8.11,"г. Капшагай, ул. Жастар, д. 19, Казахстан","г. Жанаозен, ул. Мұнайшылар, д. 14, Казахстан",Оплата по заказу,Жеткізуден кейін төлем,0,579.03,3,2023-07-24 00:37:48
65,649,232,65,ff2d6a7c-15f9-4581-8588-99ff2513c06f,1,8,1,2025-01-19,2023-07-30 07:46:14,65,559892389474,OHLGRUG1,BHDS9332713626939,Инновация Банк,Инноваций Банк,65,263920892192,IOGHRUQ0H4L,CEUD9487974367455,Бөрі Қаржы Банк,Банк ФорвардИнвест,fdfb47e4-6a07-4915-8a00-52273fa3022f,11b22c83-305c-47cc-8e08-293701f623ce,2017,1,2,5,USD,49915841,2023-06-10,2024-09-23,2024-01-12,2024-12-22,9305078,2023-09-04,1,Синхронды және ілеспе аударма қызметтері.,Услуги синхронного и последовательного устного перевода на мероприятиях.,Проект контракта,2025-11-03,2023-01-04,10,1,1,19.73,"г. Степногорск, ул. Горняков, д. 12, Казахстан","г. Капшагай, ул. Қонаев, д. 19, Казахстан",Оплата после отгрузки,Квитанция бойынша төлем,0,461.45,3,2025-10-07 07:48:23
66,82,540,66,47c7034f-5360-4199-a51c-bae5eb9d208a,4,5,1,2023-01-21,2024-12-28 20:36:06,66,470166434307,WLUVRU7I4D0,IXCG3305827886691,КредитСнаб Банк,КредитСнаб Банк,66,184079521537,UJCQRURDOK1,PXKY6409611688494,ҚазАманат Банк,Банк НатуралКредит,e4deeddf-9b4e-41a9-8e41-b57b2d7b3fd9,5add3e6a-f437-4381-b20e-6ad1471e7bae,2019,4,2,3,USD,17466301,2025-04-18,2025-04-04,2025-04-22,2023-09-28,8268056,2025-04-10,3,Жылдық қаржылық аудит және кеңес беру.,Аудиторские услуги по годовой финансовой отчётности и консультации.,Исполнительная документация,2024-04-02,2023-12-27,10,1,0,90.88,"г. Арыс, ул. Алтын Орда, д. 9, Казахстан","г. Степногорск, ул. Құрылыскер, д. 10, Казахстан",Оплата по квитанции,Шот бойынша төлем,0,529.68,3,2022-12-08 13:19:46
67,1061,1006,67,2d23768d-a0bb-4833-a980-fca7916e5849,5,4,0,2023-12-22,2023-01-01 00:47:15,67,628952928603,BUDTRUNF,UIEW6991807535019,АгроПро Банк,АгроПро Банк,67,595757286022,AGSCRUFF,QBWR5888059953156,Серпін Қаржы Банк,Банк ЭкоФинанс,c896dc9e-7fed-4309-8fd3-4db3256e0681,99a71bba-f87d-4235-975c-894dc5c3c1fa,2017,2,2,3,EUR,223493,2023-03-04,2024-12-05,2025-05-28,2023-08-19,7496909,2024-07-25,1,Заңдық сүйемелдеу және шарттарды тексеру.,Юридическое сопровождение сделок и проверка договорной документации.,Отчёт о выполнении работ,2024-02-04,2023-12-25,10,1,1,56.18,"г. Есик, ул. Рыскулова, д. 2, Казахстан","г. Арыс, ул. Тәуелсіздік, д. 23, Казахстан",Оплата по счету,2 күн ішінде төлем,0,450.60,3,2023-10-17 05:15:38
68,148,607,68,fac6e4c4-da4f-4899-b139-74d5774dbe03,5,6,1,2025-02-08,2023-01-19 00:32:50,68,762537424421,TYDORUH6ZSG,LAAT7664117848824,Флот Банк,Флот Банк,68,408462952187,WEBDRUABM9J,SPLW7276643167727,АқЖол Инвест Банк,Банк ХабФинанс,3ce52589-44a3-40fa-a14c-0bb537ce9c0e,c18f0044-d029-481d-b60c-b7dac82928e6,2020,5,3,1,KZT,48704879,2025-02-26,2023-02-11,2023-02-20,2024-02-15,5879786,2024-05-09,0,Салықтық кеңес беру және декларация дайындау.,Налоговое консультирование и подготовка деклараций.,Отчёт о приёмке,2024-06-13,2025-08-21,10,0,1,24.21,"г. Шахтинск, ул. Абая, д. 11, Казахстан","г. Есик, ул. Орынбор, д. 7, Казахстан",Оплата в течение 2 дней,3 күн ішінде төлем,1,591.64,3,2024-01-24 21:36:34
69,603,22,69,242bb555-46d5-46ba-8298-4bbc7f23edd6,5,5,0,2022-12-08,2023-12-26 20:50:15,69,598257518194,WVKERU5J,NOFT9872387948524,Транспорт Банк,Транспорт Банк,69,788488879422,GEPURUAP,IOGA8314260727286,ҚазМұра Банк,Банк ПроектСити,9d5a5ada-d783-4846-9f0d-abf5ddc6963b,510058e1-dc97-4550-9c03-f8244b07b474,2023,2,5,3,EUR,38615123,2023-01-23,2024-06-09,2023-07-30,2023-10-02,3544700,2025-09-21,4,Объектілерді тәулік бойы күзету қызметтері.,Найм охраны и обеспечение объектов в круглосуточном режиме.,Отчёт о тестировании,2025-11-04,2024-07-09,2,1,1,59.26,"г. Лисаковск, ул. Северная, д. 6, Казахстан","г. Шахтинск, ул. Баймагамбетов, д. 5, Казахстан",Оплата в течение 3 дней,4 күн ішінде төлем,0,424.78,3,2023-08-25 05:51:31
70,1064,728,70,74454efb-4528-4396-81a6-7dfd61b64431,5,7,1,2025-02-19,2023-10-17 22:05:01,70,360969206321,NWTURUPRC51,DDJE5948981340701,Лизинг Банк,Лизинг Банк,70,531579099272,XRFSRUT9D1C,TAXC6956757647541,КөкБөрі Капитал Банк,Банк КапиталБилд,3cd24076-860f-4303-abe9-be95927b1b5b,53a48324-349b-4e83-b19b-97e3d75ae25e,2018,3,4,3,KZT,25232792,2025-03-26,2025-02-01,2024-12-13,2023-05-05,4880887,2025-06-28,2,Өртке қарсы жабдықтарды жеткізу және персоналды оқыту.,Поставка противопожарного оборудования и обучение персонала.,Журнал выполненных работ,2023-12-10,2025-05-22,6,1,1,80.74,"г. Сатпаев, ул. Бейбитшилик, д. 18, Казахстан","г. Лисаковск, ул. Заводская, д. 20, Казахстан",Оплата в течение 4 дней,6 күн ішінде төлем,1,459.58,3,2024-07-13 00:49:22
71,794,899,71,9e8c59be-a949-4773-8aa7-bc744b6e1593,4,4,1,2024-11-13,2024-07-02 21:19:06,71,619449791531,MWUKRUUD,JMXS0466357367783,КапиталБилд Банк,КапиталБилд Банк,71,572430171239,KCIJRU3N,YKDE1579322382645,Арай Қаржы Банк,Банк УрбанКредит,306a9e3e-84ee-4ae2-b236-476abc4247fa,22c04862-27a0-4d2a-b6ff-22538b8bb937,2021,5,5,4,KZT,36289707,2024-06-10,2023-06-04,2024-07-03,2023-11-15,7191806,2024-10-25,5,Өртке қарсы оқу-жаттығулар ұйымдастыру.,Проведение противопожарных учений и разработка инструкций.,Журнал учёта материалов,2024-06-18,2024-06-13,4,0,0,66.11,"г. Кордай, ул. Амангелды, д. 10, Казахстан","г. Сатпаев, ул. Кеншілер, д. 11, Казахстан",Оплата в течение 6 дней,8 күн ішінде төлем,0,457.15,3,2024-11-22 17:55:46
72,79,513,72,309cf223-d0a7-4bdd-b5f8-360fa44dd63b,4,3,0,2023-07-08,2023-08-11 23:32:49,72,858909596393,AUKERUSMJS1,USDN8657580262030,ЭкоСнаб Банк,ЭкоСнаб Банк,72,530378435829,VYSKRUEQNUW,QHVV9618038288407,Шырақ Инвест Банк,Банк ПраймИнвест,a85e2437-a354-4ceb-ac0c-f7c738408d20,754ab964-6b2b-48f7-ae90-eec7541858d9,2020,4,1,3,KZT,27518591,2022-11-28,2023-11-15,2023-05-13,2024-01-30,5203352,2024-09-19,1,Өлшеу құралдарын жеткізу және метрологиялық тексеріс.,Поставка измерительных приборов и метрологическая поверка.,Ведомость материалов,2023-02-02,2023-06-30,5,1,1,3.66,"г. Боралдай, ул. Жандосова, д. 12, Казахстан","г. Кордай, ул. Нұрсұлтан, д. 3, Казахстан",Оплата в течение 8 дней,12 күн ішінде төлем,0,493.97,3,2024-08-25 04:44:55
73,270,807,73,432f24ef-f60f-4156-b0c4-42ea65999a24,1,2,1,2024-01-28,2025-03-04 11:31:58,73,705607341099,LKYBRU6YEEP,DTAV6120091796091,ВетФинанс Банк,ВетФинанс Банк,73,678045254037,KWFKRUE7,DZSZ7333322674101,Ынтымақ Қаржы Банк,Банк Новая Эра,ac6ba295-3555-4781-98f5-b71c938f165a,4f51813d-4b32-40e8-8738-248e78371340,2022,1,2,2,KZT,4067456,2023-09-26,2024-07-19,2025-06-28,2023-09-15,492251,2025-05-30,1,Санитарлық және дезинфекциялық құралдарды жеткізу.,Поставка средств санитарии и дезинфекции с сертификацией.,Ведомость оборудования,2024-09-15,2024-01-13,9,0,0,69.28,"г. Бурабай, ул. Абылай хана, д. 9, Казахстан","г. Боралдай, ул. Құрылысшылар, д. 9, Казахстан",Оплата в течение 12 дней,Көрсетілген шот бойынша төлем,0,459.71,3,2024-06-19 05:22:49
74,568,67,74,fad52962-b0fa-4c36-ae2b-659c0c8c57ec,5,9,1,2023-02-02,2025-09-23 03:13:42,74,310774533713,YRWGRU02WZK,ZYVO7751122552883,РитейлСервис Банк,РитейлСервис Банк,74,207531822810,LBZGRUFGFS4,XHID0136832597672,ҚазСерпін Банк,Банк Первая Линия,b1a39f09-5303-4d14-ae5f-b39247dffc43,4c62d968-dfd0-4d74-a76e-1fdfb1b64051,2019,3,4,5,USD,15729044,2025-04-17,2023-11-04,2025-10-02,2023-06-03,5738122,2025-10-21,3,Сауда нүктелеріне арналған тоңазытқыш жабдықтарды орнату.,Поставка холодильного оборудования для торговых точек с монтажом.,Ведомость работ,2025-07-23,2025-01-07,8,0,0,84.80,"г. Щучинск, ул. Абая, д. 26, Казахстан","г. Бурабай, ул. Солнечная, д. 6, Казахстан",Оплата по выставленному счету,Келісімшартқа қол қойған кезде төлем,0,557.90,3,2024-09-10 06:55:10
75,773,438,75,6e428afb-a339-4565-a46f-fb1d9c645916,1,9,1,2023-06-21,2024-11-28 11:22:10,75,748095177385,EXNORU54XW2,CWHQ0352427512981,Торг Банк,Торг Банк,75,544155894595,UIQERU0H,HJKF6967255454325,Тамыр Қаржы Банк,Банк ЭкономПро,1ee99a49-4293-4285-96ea-bacb382de7c5,2bbb7914-44f2-4f72-a478-e64ee59cfb9b,2019,5,3,3,KZT,44330874,2024-05-21,2023-08-10,2023-03-21,2023-11-24,6930770,2024-01-12,0,Сауда витриналарын жеткізу және зал өлшеміне сәйкес орнату.,Поставка торговых витрин и торгового оборудования под размер зала.,Отгрузочная ведомость,2024-08-24,2023-04-18,2,0,1,84.89,"г. Шиели, ул. Байсеитова, д. 5, Казахстан","г. Щучинск, ул. Көлжай, д. 2, Казахстан",Оплата при подписании договора,Келісім бойынша төлем,0,451.77,3,2024-05-19 18:51:22
76,6,248,76,616eeacb-9785-46d3-b694-6ebcf8e781d8,2,9,1,2025-04-12,2024-12-17 08:42:23,76,251950290761,DBIVRUUV,LVYU8917937134935,СервисПлюс Банк,СервисПлюс Банк,76,731345193072,DKISRU5WJOB,FOLP5035623699969,Өркен Инвест Банк,Банк ФинансДевелопмент,e98c12fb-7502-43a0-ae83-1779df64562a,68c61221-1da4-4c6b-979a-faae60cda3ab,2018,1,2,5,EUR,45313682,2023-04-04,2024-07-19,2025-02-02,2025-06-13,7091108,2023-07-06,2,POS-терминалдарды жеткізу және кассалық жүйемен біріктіру.,Поставка POS-терминалов и интеграция с кассовым ПО.,Справка о соответствии,2024-05-24,2025-07-28,1,1,0,66.33,"г. Сарыагаш, ул. Алатау, д. 8, Казахстан","г. Шиели, ул. Теңіз, д. 15, Казахстан",Оплата по договоренности,Тараптардың келісімі бойынша төлем,0,413.10,3,2023-05-17 09:30:37
77,96,54,77,73196ca9-5c90-48df-bb5b-9c9acdbca470,1,6,1,2025-10-06,2023-06-12 16:34:23,77,286180861236,HTCFRUYS,RLDG9589481303101,ПроФинанс Банк,ПроФинанс Банк,77,845802938817,VPIWRU71MTK,NQZV6664531031584,ҚосБастау Банк,Банк Инвестиционный,389c1fc6-0b15-47e8-a92e-bb5e71ccd9c0,b2278119-89f8-42a3-9810-b593ecbaf14c,2015,5,2,3,KZT,2399058,2023-01-26,2025-02-28,2025-07-19,2024-05-16,4099389,2025-07-28,3,Банкоматтарды жеткізу және процессинг жүйесіне қосу.,Поставка и монтаж банкоматов с подключением к сети процессинга.,Справка о наличии,2023-04-19,2023-09-17,3,1,1,91.34,"г. Жаркент, ул. Жансүгіров, д. 11, Казахстан","г. Сарыагаш, ул. Абай, д. 28, Казахстан",Оплата по согласованию сторон,Қабылдау актісіне қол қойғаннан кейін төлем,0,514.49,3,2025-08-09 23:04:08
78,304,710,78,587ca757-8701-4af7-9b56-5b4509a12106,4,3,1,2025-10-16,2023-03-15 05:00:09,78,998781684744,CTSRRUNE,SGEP7881752885669,ТехноКредит Банк,ТехноКредит Банк,78,599982151235,NOPBRU4G,JNSB4561546772597,Текті Қаржы Банк,Банк РитейлСервис,23d064fc-9de6-49fe-ab57-34325e38016d,68d57851-3047-432a-b51d-9d9b4c1bcc38,2022,1,1,1,KZT,36678341,2024-05-02,2024-12-25,2023-09-15,2023-01-22,5882029,2025-04-15,2,Пластик және металл шикізаттарын жеткізу.,"Поставка сырья (пластик, металл) партиями по согласованному графику.",Акт сверки,2024-03-21,2024-05-26,8,0,0,10.09,"г. Кентау, ул. Абай, д. 39, Казахстан","г. Жаркент, ул. Сарыбаева, д. 12, Казахстан",Оплата после подписания акта приемки,Объект тапсырудан кейін төлем,1,454.49,3,2023-02-18 05:44:06
79,646,179,79,71d7d157-1490-4519-a961-492529ba8fb7,5,6,1,2025-06-05,2023-01-17 20:35:38,79,804729688764,MYMCRU88B2D,KGMJ7537374812927,Оңтүстік Банк,Юг Банк,79,277779552603,QYDSRUL1F9P,YLOW0996013595732,ЕлМұрат Банк,Банк ФинансПром,47744d87-5901-4ab3-9a60-ff88653a1f69,2dfd21e2-c171-49c0-9752-9feb850919e4,2017,3,5,1,EUR,12260354,2024-05-24,2025-06-22,2024-03-09,2024-06-02,7731604,2025-01-17,0,"Қаптама материалдарын (қап, контейнер) жеткізу.","Поставка мешков, тары и расходных упаковочных материалов.",Акт списания,2025-05-03,2025-04-29,3,1,1,59.76,"г. Арал, ул. Қазақстан, д. 1, Казахстан","г. Кентау, ул. Көше 1, д. 17, Казахстан",Оплата после сдачи объекта,Тауар жеткізілгеннен кейін төлем,0,490.79,3,2024-10-22 14:24:03
80,1186,169,80,ad0c96ce-8633-4d61-aff5-d09771b570f7,4,4,0,2023-06-28,2023-05-27 15:21:13,80,735903874621,YYCIRUC0,YJED7008474644681,ОрталықСнаб Банк,ЦентрСнаб Банк,80,493898378456,BXVFRUNA,MSVP2230063052437,АқТау Капитал Банк,Банк Универсал,0f6f1fc7-611c-417e-b50c-f260b0e9fdc6,86d048d6-d291-4161-8a37-b01a8b3c69ec,2019,3,3,1,USD,30678476,2022-12-04,2025-05-24,2023-07-27,2022-12-31,1390880,2024-09-08,3,Өндірістік жабдықтарды жеткізу және монтаждау.,Поставка промышленного оборудования и шеф-монтаж линии.,Акт проверки,2023-05-15,2025-10-16,10,1,0,37.37,"г. Байконур, ул. Космическая, д. 14, Казахстан","г. Арал, ул. Мұнайшы, д. 4, Казахстан",Оплата после поставки товара,Қызмет көрсетілгеннен кейін төлем,1,571.58,3,2024-09-01 21:43:08
81,342,494,81,33824a87-e2e1-427c-9a50-98cd93e998f1,1,2,1,2025-09-20,2023-08-09 18:06:32,81,485316089604,USWBRU5TFAV,VDXZ1117394091893,Шығыс-Оңтүстік Банк,Северо-Восток Банк,81,667126986408,LKAARUDB,HJHJ0806290772581,Кербез Инвест Банк,Банк ПроКредит,30be8c83-573c-41bc-9f40-74cd0d01a6d8,299c8585-f979-4474-acab-1b3cf8220958,2015,3,3,2,USD,23383024,2024-11-02,2025-11-21,2024-05-01,2024-07-11,2101500,2025-03-07,3,Су тазарту жүйелерін жеткізу және қызмет көрсету.,Поставка фильтров и систем очистки воды с регулярным сервисом.,Акт замеров,2024-04-15,2025-01-26,2,1,1,93.13,"г. Уральск, ул. Әлихан Бөкейхан, д. 16, Казахстан","г. Байконур, ул. Космическая, д. 9, Казахстан",Оплата после отгрузки товара,Міндеттемелер орындалғаннан кейін төлем,0,477.01,3,2025-03-26 06:54:46
82,964,307,82,02c2c60a-263f-40fe-b947-e25de6ed84ac,1,10,0,2025-05-06,2025-03-11 05:30:16,82,484500909381,UUFWRUTF,GDQN6416657726450,Көкшетау Банк,Кокшетау Банк,82,746222311639,XPLNRU6O,NOAM3625292314926,Қуаныш Қаржы Банк,Банк Центральный Капитал,b7dd2086-f55d-40cc-8f6f-16cdfd58c162,25c63ddb-c3ef-4a91-9295-bab22fd2b8fd,2025,2,1,4,KZT,28304157,2025-07-14,2024-10-26,2025-01-16,2025-02-01,7722012,2023-04-16,1,Өнеркәсіптік су дайындау жүйелерін орнату.,Поставка систем водоподготовки для производственных нужд.,Акт инспекции,2023-09-14,2024-07-20,5,1,0,35.65,"г. Талдыкорган, ул. Кунаева, д. 75, Казахстан","г. Уральск, ул. Қарағанды, д. 21, Казахстан",Оплата после предоставления услуги,Шарттар орындалғаннан кейін төлем,1,470.36,3,2023-09-20 13:11:58
83,522,846,83,9c5070ad-62d4-4c43-9abe-a6d04cb37cc2,3,7,1,2024-02-05,2025-03-14 03:42:11,83,455405957017,XJTFRUIG1G1,LBIW3643479826459,Жасыл Альянс Банк,Зелёный Альянс Банк,83,710731028209,PLSIRUH0UFL,ZQIB0508538412034,ҚазШаңырақ Банк,Банк ТрастПром,c53182b1-9713-48b6-8e1e-97b766c73de5,b54a4115-c8a6-451d-86bb-a694dd656084,2016,3,2,1,EUR,36895407,2025-10-22,2023-07-12,2023-04-21,2023-03-13,2159404,2024-08-14,1,Лабораториялық шығын материалдарын жеткізу.,Поставка лабораторных расходников и одноразовой посуды.,Платёжное подтверждение,2023-04-11,2025-10-29,7,1,1,14.94,"г. Атырау, ул. Валиханова, д. 41, Казахстан","г. Тараз, ул. Қазыбек би, д. 30, Казахстан",Оплата после выполнения обязательств,Кезең аяқталғаннан кейін төлем,0,544.46,3,2023-10-23 06:11:29
84,680,367,84,7dc473fe-a7e1-42c7-aa66-02e8d56f8787,5,1,1,2023-05-25,2024-08-20 21:55:27,84,374251257081,VMHERUZR,OGUU1370036048715,ИнвестПро Банк,ИнвестПро Банк,84,992665259359,FTHVRUZV,UOGF5783127606796,Өріс Қаржы Банк,Банк ГлобалКредит,92e1bbe9-167c-41d5-9918-f462c4c74c68,37ecbc38-9157-48b1-a8ca-a2c24acfc9df,2015,1,1,2,USD,19855232,2023-03-04,2024-04-05,2023-09-22,2023-09-24,3768819,2025-06-27,4,Атмосфералық эмиссияларды бақылау жабдығын жеткізу.,Поставка приборов для мониторинга атмосферных выбросов и отчетность.,Письмо-запрос,2025-01-25,2022-11-26,5,1,0,11.67,"г. Костанай, ул. Чехова, д. 3, Казахстан","г. Акмолинск, ул. Жастар, д. 13, Казахстан",Оплата по факту выполнения условий,Жобаның аяқталуында төлем,0,444.70,3,2023-03-11 01:01:26
85,1001,151,85,482029ce-7978-44b6-ba77-ff4b161855e3,2,9,1,2025-06-20,2023-01-26 10:38:42,85,992406452887,IDDYRUTLJM6,OMHA4605051891866,ФинансДевелопмент Банк,ФинансДевелопмент Банк,85,934720185073,BVYBRUDLAYD,NBZN3562608036899,Жетісу Инвест Банк,Банк СнабКапитал,de15226f-01c7-4117-887d-4a5a7dda99a3,862f8237-dbf9-467f-a67a-67fd61216e4d,2024,5,2,2,KZT,22665616,2025-01-03,2024-05-07,2023-11-09,2023-09-26,2380005,2024-08-07,1,Радиобайланыс жабдығын жеткізу және ретрансляторды баптау.,Поставка радиосвязного оборудования и настройка ретрансляторов.,Письмо-требование,2023-06-18,2024-06-24,2,1,0,79.53,"г. Павлодар, ул. Торговая, д. 56, Казахстан","г. Алматы, ул. Қазыбек би, д. 47, Казахстан",Оплата по завершении этапа,70% аванс төлем,1,437.68,3,2023-01-21 01:56:59
86,551,41,86,2a7976d1-af7e-4a8b-9888-55fca26571b9,5,9,0,2025-05-01,2023-06-25 21:49:11,86,597833471587,SSSTRU1Y,WEIQ4595301790008,Стандарт Банк,Стандарт Банк,86,834609462179,PTAHRUS7VPT,ZJHO1837063676743,КөкСарай Банк,Банк ЛизингФинанс,ecfb6825-b652-4f7e-9849-814f4df6bfd8,87ffe7b1-7005-44ae-a401-5d550875ab33,2021,3,2,5,USD,43579787,2025-05-12,2025-10-28,2023-07-16,2024-01-17,69317,2023-06-27,5,Мобильді құрылғылар мен аксессуарларды жеткізу.,Поставка мобильных устройств и аксессуаров с предустановленным ПО.,Письмо-разрешение,2023-08-15,2025-08-23,3,0,0,38.42,"г. Алматы, ул. Байсеитова, д. 29, Казахстан","г. Астана, ул. Қабанбай батыр, д. 6, Казахстан",Оплата по окончании проекта,30% аванс төлем,0,523.27,3,2024-12-20 08:42:58
87,1078,451,87,68255ee1-5b1e-4ac2-9e01-8d54c939bfe1,2,4,1,2023-01-07,2024-11-03 23:27:24,87,763281915296,HWRSRUS8,FINI6751732582040,Премиум Банк,Премиум Банк,87,455296348688,CZJTRU60EO4,KGCW7770564368523,Қармақшы Қор Банк,Банк КорпоративИнвест,94ba6660-1e7f-4dd7-975d-704046df9c31,e5534726-dd06-45b1-ad16-a959ee26c672,2019,5,4,5,USD,27002165,2025-02-23,2025-08-15,2023-06-15,2023-02-05,7508947,2024-02-02,3,Маусымдық корпоративтік сыйлықтарды дайындау және жеткізу.,Поставка корпоративных подарков и сувениров по сезонным кампаниям.,Письмо-уведомление о смене условий,2024-09-12,2023-08-12,10,1,0,61.26,"г. Астана, ул. Сауран, д. 10, Казахстан","г. Шымкент, ул. Төле би, д. 32, Казахстан",Оплата авансом 70%,Бөліп алдын ала төлем,1,403.98,3,2022-12-02 23:41:46
88,729,698,88,281f7e6e-928e-4c06-a387-4ebb3147a421,4,2,0,2024-07-05,2025-11-13 13:06:09,88,241778702069,GNZLRUCJ,NIVB5612268071687,ИнтерКредит Банк,ИнтерКредит Банк,88,874352013335,SBPZRUJJ,IDCQ7646175237342,ЖанНұр Қаржы Банк,Банк ФинансЛайн,3962ba98-0bfa-4f9c-b2dd-45b5204c7b8b,800415d0-0e92-44f6-9fc3-862b2ac26d35,2023,5,1,2,USD,43818513,2025-04-03,2025-08-18,2025-04-01,2023-10-20,7829966,2023-11-30,4,Жаппай рекрутинг қызметтері.,Рекрутинговые услуги по подбору персонала на массовые вакансии.,Подтверждение выполнения обязательств,2025-03-20,2025-03-28,7,1,0,54.84,"г. Астана, ул. Сарайшык, д. 5, Казахстан","г. Караганда, ул. Әбішев, д. 18, Казахстан",Оплата авансом 30%,Бөліп кейінгі төлем,0,419.05,3,2023-09-19 16:04:53
89,228,447,89,263d20e4-c94e-453a-90e4-327d8b799ca2,5,1,0,2023-01-12,2024-03-05 06:43:15,89,863850309479,LJYIRUDP938,TTKY9703867770140,ТрансФинанс Банк,ТрансФинанс Банк,89,248152826046,PYRCRU720QL,UWYV5787574454977,ҚазТұғыр Банк,Банк ПроГарант,accd3290-701a-4669-84df-961c9256cf5a,931019f9-7fe0-4e3b-ab7e-1fad20d4cda0,2016,1,4,3,USD,11110193,2025-03-06,2023-12-02,2024-08-02,2025-11-17,5251229,2024-04-03,4,Сатуды арттыру бойынша тренинг өткізу.,Проведение тренингов и семинаров по повышению продаж.,Подтверждение приёмки,2024-08-18,2023-06-06,1,1,0,44.81,"г. Семей, ул. Фрунзе, д. 20, Казахстан","г. Актобе, ул. Мұнай, д. 14, Казахстан",Оплата частичная предоплата,Құжаттар бойынша төлем,1,467.13,3,2025-06-29 04:53:30
90,627,676,90,604b9844-1cdc-498c-9414-92ce896e8896,4,3,0,2024-03-19,2025-07-06 01:27:55,90,396335467902,ZXCXRUXJ,IKHZ5953577043553,СнабИнвест Банк,СнабИнвест Банк,90,154184829348,DOYHRUKE,CTTK7296560177299,Үміт Инвест Банк,Банк СервисПлюс,80b995c9-42a9-4525-a4a5-b30cc60d5330,62fd7d5a-125b-4b0a-96a1-136596e2e053,2020,2,4,1,EUR,17646474,2023-07-16,2025-10-19,2024-12-04,2025-08-18,5422240,2024-10-24,0,Арнайы киім мен аяқ киім жеткізу және брендтау.,"Поставка спецодежды, обуви и униформы с брендированием.",Служебная записка,2024-01-28,2023-09-03,4,1,0,62.62,"г. Караганда, ул. Гоголя, д. 51, Казахстан","г. Павлодар, ул. Тәуелсіздік, д. 9, Казахстан",Оплата частичная постоплата,Накладна және шот бойынша төлем,0,597.52,3,2023-01-04 23:44:11
91,28,705,91,af6dfcf6-d05f-4247-bea5-24cbdd72f471,5,1,0,2023-12-02,2024-12-13 00:52:10,91,834801557922,JONWRUMV,HFLY5754653308999,Қала Банк,Город Банк,91,663109735938,VQBNRUZQEK2,TLBX6149101137813,АйТас Қаржы Банк,Банк КредитЛинк,207f8706-74c4-492b-9e18-4080cf122ee7,cbfd293b-9d68-4131-8e67-bdbddd33fa7f,2024,1,4,3,KZT,20786421,2025-05-25,2024-01-26,2025-10-17,2023-08-22,973832,2024-05-26,5,"Мөрлер, штамптар және фирмалық бланкілер дайындау.","Изготовление печатей, штампов и фирменных бланков.",Служебное письмо,2023-06-01,2023-09-22,4,0,1,76.42,"г. Тараз, ул. Сейфуллина, д. 7, Казахстан","г. Усть-Каменогорск, ул. Байзакова, д. 26, Казахстан",Оплата по документам,Келісілген соманы төлеу,1,548.01,3,2025-08-21 00:05:21
92,457,952,92,547e7864-2b5d-44b7-9846-8b0c954fad5a,3,3,0,2023-07-19,2024-03-01 05:28:14,92,847092217469,MADDRU5H,FJFL4608309020105,ОрталықИнвест Банк,ЦентрИнвест Банк,92,524193396430,WLQQRUTQU26,BFTG2028206516707,АлтынАй Банк,Банк ИнноваИнвест,c014db05-75f8-4a5f-b4b0-0fef4af4bd32,2c4cd510-dab2-4565-93de-21a03f80eb81,2017,1,3,1,KZT,48431575,2022-12-04,2024-05-31,2025-05-30,2024-01-18,3270883,2025-08-29,3,Медициналық жабдықтарды жеткізу және іске қосу.,Поставка медицинского оборудования и организация пусконаладки.,Приказ о назначении ответственного,2023-08-14,2022-12-01,10,1,0,63.89,"г. Кызылорда, ул. Шорнақ, д. 25, Казахстан","г. Костанай, ул. Құрманғазы, д. 8, Казахстан",Оплата по накладной и счету,Ұлттық валютада төлем,0,543.91,3,2023-12-06 06:30:34
93,147,379,93,c708097b-55a1-4f9f-a0dd-66b6f0907fad,3,9,1,2023-08-01,2025-11-04 14:18:06,93,814801901026,FCNERUD8,BAHS2633982068788,ШығысДевелопмент Банк,ВостокДевелопмент Банк,93,516093455935,SYVRRUO59KE,OKZP6461070069161,СамұрықДаму Банк,Банк МультиКапитал,86305029-80d0-4c81-b165-a565ecdb1d5e,b78472e3-aa9d-48f1-80fa-f253a0c64cc8,2020,2,5,3,USD,36872661,2025-03-12,2023-07-22,2025-01-25,2024-01-02,4291543,2025-01-07,3,Өнімдерді халықаралық стандарттар бойынша сертификаттау.,Проведение инспекций и сертификация продукции по международным стандартам.,Распоряжение о начале работ,2023-02-07,2024-10-07,4,0,1,2.83,"г. Актау, ул. Мунайшылар, д. 44, Казахстан","г. Кызылорда, ул. Достық, д. 3, Казахстан",Оплата по согласованной сумме,Шетел валютасында төлем,0,508.88,3,2025-03-21 04:29:16
94,734,267,94,b0ce1261-ef29-473d-94e4-c487d6c6fbc7,1,6,0,2023-12-25,2024-05-25 11:25:58,94,370378368491,VEAPRU6H,IFZN2643727132319,Нейтрал Банк,Нейтрал Банк,94,519892622147,IYEKRUAJQ3A,YRZA9266497583426,ҚосҚорған Банк,Банк КонтактФинанс,9ef435e9-d076-4036-b149-cef33bb565b3,58bbbe42-fd72-4d2a-ae06-448102ab713a,2019,1,1,3,USD,1470188,2024-08-11,2025-09-30,2024-09-22,2025-06-17,9907037,2023-05-21,3,Үзіліссіз қоректендіру құрылғыларын жеткізу және қызмет көрсету.,Поставка ИБП (UPS) и сервисное обслуживание аккумуляторов.,Протокол передачи прав,2025-08-20,2024-12-03,9,1,1,9.12,"г. Шымкент, ул. Толе би, д. 55, Казахстан","г. Атырау, ул. Құрманғазы, д. 15, Казахстан",Оплата в национальной валюте,Банктік аударым арқылы төлем,1,534.20,3,2023-12-18 06:09:30
95,510,1074,95,efff6092-3cca-45a5-b2d7-e74dc23f3777,2,7,1,2023-04-03,2024-10-07 18:22:00,95,342515208589,MWEIRULMT4T,YARG2632778786200,Жүйе Банк,Система Банк,95,228161360733,RLAPRUF91DV,FSZL5399703436785,Бірлік Қаржы Банк,Банк СитиКредит,80e510f1-3c22-4eae-ba72-b49037183cbd,858f3ad2-8ea6-4824-afe2-8a18d8fa16ce,2020,4,1,2,USD,49958281,2023-03-22,2025-03-02,2024-02-07,2023-12-14,2376354,2024-11-07,5,Кеңсе және компьютер техникасын жөндеу.,Ремонт и обслуживание офисной и компьютерной техники по заявкам.,Акт передачи прав,2024-07-30,2023-06-23,10,0,0,3.05,"г. Алматы, ул. Розыбакиева, д. 66, Казахстан","г. Актау, ул. Орал, д. 7, Казахстан",Оплата в иностранной валюте,Карта арқылы төлем,1,423.59,3,2023-05-14 12:10:04
96,791,282,96,371053ed-f54f-436b-9335-1716e62b5eb4,3,3,0,2025-02-08,2024-01-31 21:30:42,96,636108130622,UWILRU95,OWXD6788842842881,ПроАктив Банк,ПроАктив Банк,96,468059450422,FWJXRU5Z,YFRO2002252492600,КөкНұр Капитал Банк,Банк ТопФинанс,3fbfbaa2-3609-4a47-8280-1c2c65bff9ec,ec8f3588-4e96-4e2d-8a5f-5430b329b5e7,2019,1,4,2,KZT,47465875,2023-03-18,2024-11-23,2023-02-16,2025-02-20,5346512,2024-09-21,0,Бейнеконференция жүйелерін орнату.,Поставка систем видеоконференцсвязи и настройка комнат переговоров.,Реестр поставок,2025-09-06,2022-12-18,4,1,0,68.92,"г. Астана, ул. Сарыарка, д. 88, Казахстан","г. Семей, ул. Мұратбаев, д. 10, Казахстан",Оплата по безналичному расчету,ҚҚС қосылған банктік аударым,0,403.96,3,2025-10-19 12:23:57
97,75,790,97,c63133ad-2266-4a18-9d29-422377c9c27a,4,2,0,2025-10-09,2023-08-06 12:35:24,97,173807311961,SELURUK78CM,BMHM9509338990540,МедКапитал Банк,МедКапитал Банк,97,389924060352,ZZQVRU3S,TCVZ6149224691506,Теңіз Қаржы Банк,Банк РесурсПром,5b71867e-d9e3-4550-b478-0f89cea0b7a5,41c13500-888b-4f64-9742-a39a1b52bdc2,2024,2,2,4,EUR,15095838,2024-07-18,2025-09-27,2023-11-19,2023-08-17,5867627,2024-03-07,1,Медициналық қабылдау бөлмелеріне арналған жиһаз жеткізу.,Поставка мебели для кабинетов приёма пациентов с антивандальным покрытием.,Реестр актов,2025-08-19,2023-06-26,1,1,1,84.63,"г. Петропавловск, ул. Куйбышева, д. 17, Казахстан","г. Кокшетау, ул. Республика, д. 19, Казахстан",Оплата по карте,Удержание арқылы төлем,1,571.99,3,2023-07-04 22:14:35
98,220,488,98,9fa8b6fc-27fa-4d7d-9235-cf6ecdc77ae7,1,2,1,2023-09-29,2024-04-26 04:04:44,98,846201692158,FICWRUY5R9S,JMLX8032003140497,АгроХолдинг Банк,АгроХолдинг Банк,98,285855935241,CFQARUF4,OAEX5282995973748,,Банк Социальный Фонд,94350f86-d7c6-408e-90de-b10ba0af1f8c,c9b5044d-2cbb-430c-b35a-ffdc8c7cb600,2022,3,1,2,KZT,22308254,2022-12-20,2023-11-04,2023-07-19,2024-07-19,2992821,2025-10-13,0,Коммуналдық техника жеткізу және операторларды оқыту.,Поставка дорожной техники и коммунального оборудования с обучением операторов.,Бухгалтерская справка,2024-03-01,2024-04-23,9,0,1,52.95,"г. Кокшетау, ул. Мира, д. 9, Казахстан","г. Петропавловск, ул. Гоголя, д. 6, Казахстан",Оплата по безналу с НДС,Келісілген жеңілдікпен төлем,1,445.19,3,2023-09-19 22:45:37
99,605,537,99,7af6d574-3786-4407-9e34-479a075008a4,1,3,1,2023-12-21,2025-02-11 13:57:00,99,202111441637,CKBJRUFP,TPAV7113617940698,ФинансГарант Банк,ФинансГарант Банк,99,439187349295,YAGGRUJV,GCSN7457397927331,,Банк КредитПлюс,9b3fcd1f-724b-43cc-af81-097e55340ce0,6aea3473-3c88-4d1b-9478-19f1854ab487,2025,3,2,2,EUR,19139404,2023-02-26,2025-06-04,2023-04-16,2025-08-20,7818796,2025-06-01,4,Баспа және қаптама материалдарын жеткізу.,"Поставка расходных материалов для печати и упаковки, складской отгрузкой.",Финансовый отчёт,2024-05-16,2025-07-20,2,1,1,18.67,"г. Усть-Каменогорск, ул. Абая, д. 28, Казахстан","г. Туркестан, ул. Тұңғыш Президент, д. 11, Казахстан",Оплата с удержанием,Сапаны тексергеннен кейін төлем,1,488.91,3,2025-05-29 12:56:19
100,339,94,100,0f8703d6-5509-4e40-a9c1-6f312aa7210f,3,9,0,2024-09-20,2024-03-15 06:28:03,100,149840787283,DATJRUJR,JIUN4266927296970,Тұрақты Банк,Стабильный Банк,100,240099902022,VJDVRUTH,UHIW1117536713190,,Банк Новатор,1162a960-71ac-4150-89de-31f78fb6d4cd,8cf28d64-0b38-4433-a5da-49e08373a5e2,2024,5,4,4,EUR,2949355,2024-04-28,2024-07-04,2024-08-28,2023-09-22,5792436,2024-03-08,1,24/7 техникалық қолдау қызметін көрсету.,Предоставление сервисного обслуживания по SLA 24/7 с гарантиями.,Акт о завершении проекта,2024-09-06,2024-05-29,9,0,1,35.49,"г. Рудный, ул. Новая, д. 2, Казахстан","г. Экибастуз, ул. Ауезов, д. 22, Казахстан",Оплата с согласованной скидкой,Сандық тексеруден кейін төлем,0,412.16,3,2024-12-23 12:39:26
