id,lot_number,ref_lot_status_id,last_update_date,union_lots,count,amount,name_ru,name_kz,customer_id,customer_bin,trd_buy_number_anno,trd_buy_id,dumping,dumping_lot_price,psd_sign,compl_exp,consulting_services,point_list,index_date,system_id
1,40336,10,2024-10-15 10:21:07,1,455,1815377,Поставка бумаги формата A4,A4 форматындағы қағаз жеткізу,184,994190990465,5fef101d-0457-4de7-b997-ae61cd40db67,1,1,4640.48,1,0,1,Закупка бумаги формата A4,2025-08-02 19:27:24,3
2,62779,4,2025-06-13 20:45:39,1,490,6763080,Поставка тонера и картриджей для принтеров,Принтерлерге арналған тонер мен картридждерді жеткізу,154,726936576937,412293b0-49a3-4173-a749-7086c36b2b0f,2,1,8240.24,1,1,1,Закупка тонера и картриджей для принтеров,2025-05-31 14:30:15,3
3,75075,7,2025-05-22 23:44:20,0,308,2313527,Поставка офисной мебели,Офис жиһазын жеткізу,190,876164949153,4c6c43ba-8905-405a-8ab4-148871345bd1,3,1,97156.55,1,1,0,Закупка офисной мебели,2024-03-11 16:44:06,3
4,52850,1,2025-04-11 06:38:04,1,195,1799048,Поставка канцелярии,Кеңсе тауарларын жеткізу,107,746034716030,281a277c-89e4-45d8-a71a-d2b386c8e3e8,4,1,58434.66,1,1,1,Закупка канцелярии,2023-03-17 08:23:31,3
5,96179,8,2025-05-03 12:48:44,1,158,1977924,Обслуживание и ремонт лифтов,Лифттарды күтіп-ұстау және жөндеу,86,706806407543,9c7c1388-a99d-4ccd-a596-a30e2b65db56,5,0,12555.39,1,1,1,Обслуживание и ремонт лифтов,2024-09-07 23:10:48,3
6,64199,4,2025-10-14 12:28:52,1,63,5102587,Поставка компьютерной техники,Компьютер техникасын жеткізу,303,158733391567,a7f71efb-cb8a-4f1f-8990-d5f9d7d7b4cd,6,1,65911.73,0,1,0,Закупка компьютерной техники,2025-05-04 20:09:56,3
7,94097,8,2024-01-28 03:16:22,1,84,905323,Поставка ноутбуков,Ноутбуктарды жеткізу,93,701404682942,c9e65a15-0384-4bf5-a293-24b52a460fae,7,1,18447.60,0,0,1,Закупка ноутбуков для сотрудников,2024-02-14 20:01:41,3
8,17524,10,2025-08-29 19:25:13,0,200,6052255,Поставка сетевого оборудования,Желілік жабдықтарды жеткізу,340,272671634673,6122cb39-9152-4fb5-a878-0f57a6ce0d34,8,0,44183.21,0,0,1,Закупка сетевого оборудования,2023-11-17 13:37:05,3
9,36965,10,2022-12-10 07:52:10,1,348,5141566,Поставка и монтаж видеонаблюдения,Бейнебақылау жүйелерін жеткізу және орнату,313,759542147469,e0d44a67-f8bf-438d-a39c-76e9ac25c51f,9,1,3627.72,1,0,1,Монтаж и обслуживание видеонаблюдения,2023-08-21 11:25:12,3
10,74944,10,2024-02-19 09:29:21,1,384,32238,Поставка систем контроля доступа,Кіру бақылау жүйелерін жеткізу,291,148456568212,37742f59-ea2a-457d-8dcc-9cd3c41fd859,10,0,55885.85,0,0,1,Установка системы контроля доступа,2024-09-13 13:33:30,3
11,89941,9,2025-09-07 01:01:34,0,110,3413114,Ремонт офисных помещений,Офис кеңселерін жөндеу,79,499708855834,6f8937c1-ecaf-4006-bd47-8297b639cbfa,11,1,58668.67,0,1,0,Ремонт и реконструкция офисных помещений,2023-01-02 16:23:17,3
12,73146,4,2023-09-28 09:15:01,1,225,7379049,Поставка фасадных материалов,Фасад материалдарын жеткізу,105,464824374374,2750b2b5-1fe6-45f1-8b6a-6a378f3b126a,12,0,58800.08,1,1,1,Закупка фасадных материалов и утеплителя,2024-08-19 12:45:32,3
13,68645,5,2023-06-29 16:32:55,0,153,1055652,Поставка электрооборудования,Электр құрал-жабдықтарын жеткізу,91,108523219935,b84a621e-0bc3-4185-94c6-204ff46b5fe2,13,0,67564.00,0,0,1,Закупка электрооборудования и кабелей,2025-08-24 16:18:57,3
14,45016,5,2024-08-17 11:54:20,1,28,969997,Поставка дизель-генераторов,Дизель генераторларын жеткізу,379,222681376511,7b5ab747-e913-4473-9a22-2daed71d488e,14,0,36754.53,1,1,0,Закупка дизель-генераторов,2023-08-25 02:48:55,3
15,88016,8,2025-03-13 11:39:38,0,208,3878253,Поставка оргтехники,Офистік техника жеткізу,62,173769048646,a41e73ee-3561-4c64-836e-b1468d326734,15,0,31021.26,0,0,1,"Закупка оргтехники (мфу, сканеры)",2023-11-11 06:28:33,3
16,40078,1,2022-12-18 06:25:46,0,201,9585160,Вывоз строительного мусора,Құрылыс қалдықтарын шығару,175,578629986135,43cb28cc-777b-407c-906e-25bad75c3372,16,0,68494.77,1,0,0,Вывоз и утилизация строительного мусора,2023-06-29 22:57:05,3
17,1493,7,2023-11-21 10:18:08,0,152,2707693,Поставка медицинского кислорода,Медициналық оттекті жеткізу,119,194629589426,2dc19aaf-a3cb-4e4b-8614-919d41f876c8,17,1,66064.07,0,0,0,Закупка медицинского кислорода,2023-08-04 08:09:12,3
18,84749,8,2025-09-17 21:35:02,0,394,1299671,Поставка средств индивидуальной защиты,Жеке қорғаныс құралдарын жеткізу,498,877696643834,ab080fca-4246-49b6-9801-a390e3c7011c,18,1,25818.52,0,1,0,Закупка средств индивидуальной защиты (СИЗ),2024-01-18 06:24:39,3
19,16049,4,2025-01-30 01:43:28,0,299,690809,Поставка одноразовой медицинской посуды,Бір реттік медициналық ыдыс-аяқтарды жеткізу,150,310038534603,5818db96-a312-4d81-b0f0-59d9d9ff356f,19,1,85183.22,0,1,1,Закупка одноразовой медицинской посуды,2024-10-11 23:45:02,3
20,1283,8,2024-02-15 10:19:09,0,230,8598154,Поставка лабораторного оборудования,Лаборатория жабдықтарын жеткізу,107,287182686595,c9e8d990-e15b-4eef-83e0-a2bc99a45ab7,20,0,95576.39,1,1,0,Закупка лабораторного оборудования,2024-04-18 01:59:39,3
21,3678,9,2024-08-04 05:08:43,0,469,9328982,Поставка химических реагентов,Химиялық реактивтерді жеткізу,80,435061445297,af651a1c-44ef-4de0-a3a5-3a24d0edf54a,21,0,39754.37,0,0,1,Закупка химических реагентов для лабораторий,2025-11-02 17:30:07,3
22,73607,5,2024-02-16 05:11:24,1,465,8850624,Поставка канцелярских наборов,Кеңсе жинақтарын жеткізу,215,221886051191,a0df2d1b-e355-41ed-8892-b7a8b30a1e23,22,1,75714.64,1,0,0,Закупка канцелярских наборов для учебных заведений,2024-04-04 04:56:36,3
23,24133,9,2025-11-13 03:31:16,0,96,8201155,Поставка бумажных полотенец,Қағаз сүлгілерді жеткізу,65,597372782489,5ffb6489-c2f2-49dd-a7b8-ee8eab5d2c35,23,1,29027.45,1,0,1,Закупка бумажных полотенец и туалетной бумаги,2024-11-14 18:33:37,3
24,37807,9,2023-09-30 04:56:13,1,96,4501693,Поставка моющих средств,Жуғыш құралдарын жеткізу,430,285195326446,71a0dea7-2954-4563-8cf3-7e6e121f73e5,24,0,7340.64,1,0,1,Закупка моющих и чистящих средств,2023-02-04 18:02:15,3
25,71613,5,2022-12-02 18:41:09,1,161,4663217,Клининговые услуги,Клининг қызметтері,47,843455828132,0f4af8a4-6fdd-402a-bd50-98852f7b9ba6,25,0,33675.08,0,1,1,Проведение клининговых услуг,2023-11-11 05:03:36,3
26,35948,6,2025-06-26 05:30:49,1,232,6084582,Поставка дизельного топлива,Дизель отынын жеткізу,109,893378937111,501eab67-a92c-4bbb-b9c8-53ce2bb08dca,26,0,70069.55,0,0,1,Закупка дизельного топлива,2025-09-12 09:30:31,3
27,91422,5,2024-07-19 00:21:30,0,244,1470499,Поставка моторных масел,Мотор майларын жеткізу,88,563894751463,70a89c06-ee87-489e-8a0a-c93a9da136dc,27,1,65889.23,0,1,1,Закупка моторных масел и смазок,2024-04-11 23:06:22,3
28,28988,9,2024-08-02 22:21:11,0,214,3411837,Поставка автозапчастей,Көлік бөлшектерін жеткізу,299,677019181348,f0e9eb95-69b7-4b79-a11a-6fc36cc2e1d0,28,0,439.72,0,0,1,Закупка автозапчастей для служебного автопарка,2025-01-25 00:50:50,3
29,15435,10,2023-02-02 18:01:43,1,335,7774545,Аренда автобусов для персонала,Қызметкерлер үшін автобустарды жалға алу,344,348425887511,4e9fb9d9-938e-4ba6-8e8d-ac8f86eda6f6,29,1,10030.16,0,1,0,Аренда и обслуживание автобусов для перевозки персонала,2025-05-17 11:06:14,3
30,88421,8,2024-12-05 06:59:54,0,140,7116433,Обслуживание отопительных котлов,Жылыту қазандықтарын техникалық қызмет көрсету,385,642612884530,a0245738-a9e3-47b8-801e-dca1a1799309,30,1,25776.66,0,1,1,Техническое обслуживание отопительных котлов,2024-03-18 18:35:04,3
31,81820,5,2024-10-14 16:28:08,1,203,4564568,Поставка кондиционеров,Кондиционерлерді жеткізу,230,106347438351,d7514f93-2cfe-4008-b0e6-91945e183102,31,1,76415.05,0,0,1,Закупка и монтаж кондиционеров,2023-07-29 09:32:13,3
32,33564,10,2024-11-06 21:05:36,0,427,1723565,Поставка солнечных панелей,Күн панельдерін жеткізу,7,780036612017,a17b240d-9700-47a1-bd02-a0456daccf96,32,0,61174.54,0,1,0,Закупка солнечных панелей и инверторов,2023-12-04 01:04:39,3
33,55535,1,2024-11-22 05:16:30,0,233,9379059,Поставка складских стеллажей,Қойма сөрелерін жеткізу,102,667085582265,ad44a42c-71ce-4bde-bcd1-8ec2a80ef012,33,0,64277.32,0,0,1,Закупка складского стеллажного оборудования,2025-07-21 18:22:52,3
34,49821,4,2025-06-25 00:33:22,0,248,9043290,Поставка упаковочных материалов,Қаптама материалдарын жеткізу,128,453355202818,d1893dae-fea9-461b-aba9-a278dbb9e425,34,0,15627.06,1,0,0,"Закупка упаковочных материалов (коробки, плёнка)",2024-03-10 08:46:02,3
35,77866,1,2023-11-04 02:12:59,1,471,8080222,Поставка пластиковых контейнеров,Пластикалық контейнерлерді жеткізу,456,752080660456,13438708-10d6-448f-a2a1-4d8f940f5984,35,1,67959.79,0,1,0,Закупка пластиковых контейнеров для пищевой продукции,2023-10-06 22:55:10,3
36,70420,5,2024-04-25 16:34:58,0,125,7527690,Поставка продуктов питания,Азық-түлік тауарларын жеткізу,498,467038772085,1af5c692-339c-45fb-ad43-893308100379,36,1,61222.45,0,0,1,Закупка продуктов питания для корпоративного питания,2025-04-17 17:49:47,3
37,90283,6,2023-07-18 11:02:42,1,138,8800863,Кейтеринговые услуги,Кейтеринг қызметтері,293,483993988309,f9b43c74-5258-41a2-9697-f4bfbe1240e6,37,0,23939.85,1,1,0,Кейтеринговые услуги для корпоративных мероприятий,2023-04-06 08:34:48,3
38,30856,9,2024-09-30 11:02:44,0,351,9100114,Аренда сцены и звукового оборудования,Сахна мен дыбыс жабдықтарын жалға беру,51,158579452790,db7679a9-ad4c-41da-b87a-aad2ad1c966d,38,0,36423.26,0,1,0,Аренда сцены и звукового оборудования,2025-11-13 15:14:45,3
39,89878,10,2025-10-14 00:17:27,1,384,4712878,Организация конференций,Конференцияларды ұйымдастыру,311,170927650788,89568469-d487-4c36-9153-57ab0f7634fe,39,0,80445.66,0,0,1,Организация конференций и форумов,2025-11-21 15:49:14,3
40,72512,1,2023-07-04 09:38:59,0,264,8454219,Разработка корпоративного сайта,Корпоративтік сайтты әзірлеу,314,349305871654,1389507a-a577-4236-8be4-24d127f55465,40,1,54043.52,1,1,0,Разработка корпоративного сайта,2024-07-01 21:42:06,3
41,57836,8,2025-11-01 13:46:16,1,180,6991038,Разработка мобильного приложения,Мобильді қосымшаны әзірлеу,317,773763058535,69b66c90-aa8a-44f6-ad9a-ee6e26b4609c,41,1,73775.90,1,1,0,Разработка мобильного приложения для клиентов,2023-08-08 14:36:30,3
42,30333,10,2024-06-19 15:09:21,1,129,1731589,Поставка программного обеспечения,Бағдарламалық қамтамасыз етуді жеткізу,255,404207488246,424b4355-2757-4ae5-a492-71bb581e7d26,42,0,53867.87,1,1,0,Закупка программного обеспечения (CRM),2025-02-01 07:51:39,3
43,15875,10,2024-11-01 01:53:58,0,342,5425171,Облачные услуги,Бұлтты қызметтер көрсету,19,523811557110,4e0e530b-e171-4272-8214-223c487a437f,43,1,89871.71,1,0,1,Облачные услуги и хостинг серверов,2024-02-23 04:05:38,3
44,96992,6,2025-06-17 16:02:49,0,345,7075448,Услуги по кибербезопасности,Киберқауіпсіздік қызметтері,148,866782384654,5300b095-7a60-4e1e-a697-8fea30e81e50,44,1,45831.40,0,0,0,Услуги по кибербезопасности и аудиту ИТ-систем,2023-03-17 05:59:51,3
45,98380,3,2025-05-31 04:50:44,0,305,1581553,Поставка серверного оборудования,Серверлік жабдықтарды жеткізу,338,141474259952,b02aa258-7fa1-41f1-9e66-6cb77c078a36,45,1,92091.02,0,0,1,Закупка серверного оборудования и стоек,2023-11-09 06:41:31,3
46,75123,8,2024-01-10 23:24:40,1,374,7202946,Поставка биометрических систем,Биометриялық жүйелерді жеткізу,164,158698586965,bb9b3082-79ba-494f-bd5c-32bc6d20fe2b,46,0,22553.26,0,1,1,Закупка и настройка биометрических систем,2023-01-20 17:20:03,3
47,18928,5,2024-04-24 05:37:10,1,52,110522,Поставка мебели для гостиниц,Қонақүйге арналған жиһазды жеткізу,66,737439421641,d1a03810-ab2a-48c3-ac92-123c13ea2a99,47,1,81889.77,0,0,1,"Закупка мебели для гостиниц (кровати, тумбы)",2025-10-24 03:46:38,3
48,37927,2,2023-11-07 02:21:00,1,441,5530227,Поставка текстиля для гостиниц,Қонақүй текстильдерін жеткізу,482,502521926416,8ee990e0-dc04-43f1-800a-4849acb6a783,48,1,82783.76,0,0,1,Закупка текстиля для гостиниц (постельное бельё),2024-05-16 07:57:49,3
49,99969,10,2024-05-30 11:01:32,1,84,2004156,Обучение по охране труда,Еңбек қорғау бойынша оқыту,19,901466697985,a1c42bba-63c4-4093-a6c2-3173b8c374b9,49,1,55935.49,0,0,1,Обучение персонала по охране труда и безопасности,2024-05-15 00:34:05,3
50,92670,6,2023-02-03 08:22:04,1,407,9007666,Поставка учебных материалов,Оқу құралдарын жеткізу,219,954501779998,fa28efcb-37e7-4a42-bf80-e9cdf9f30221,50,1,41727.12,0,0,0,Закупка учебных материалов и методических пособий,2025-08-26 02:19:22,3
51,63390,4,2023-10-27 15:24:33,1,267,1175649,Поставка дорожных знаков,Жол белгілерін жеткізу,201,489461654081,1c55b227-1386-4393-ad99-63747f260144,51,0,40349.05,1,1,0,Закупка дорожных знаков и разметки,2024-04-09 07:49:14,3
52,17468,1,2023-12-10 06:19:46,1,472,1778120,Поставка уличного освещения,Көше жарықтандыруын жеткізу,198,315057756288,67f1593f-aa8f-410d-8331-d03c4f803b70,52,1,96037.36,0,1,0,Закупка уличного освещения и фонарных столбов,2024-06-12 02:22:16,3
53,85003,2,2024-11-09 13:26:33,0,174,480826,Монтаж детских площадок,Балалар ойын алаңдарын орнату,500,437514482724,66de0242-7e4d-46b8-8ddc-e400106a9101,53,0,92533.27,1,1,1,Монтаж детских игровых площадок,2022-12-17 02:21:04,3
54,53352,8,2023-06-12 23:56:47,1,484,122111,Благоустройство территории,Аумақты абаттандыру,315,309865371809,98da759c-5e5c-4a65-a5c7-4575ecaaef2e,54,1,2428.42,1,0,0,Благоустройство и озеленение территорий,2025-04-16 15:46:01,3
55,47915,7,2025-04-17 23:03:35,0,107,2762107,Поставка семян и удобрений,Тұқымдар мен тыңайтқыштарды жеткізу,92,628075986859,4cbd7d22-289c-46c1-b341-259f0d7ddfd6,55,1,32938.66,0,0,0,Закупка семян и удобрений для сельхозпроектов,2024-11-30 03:34:41,3
56,76981,8,2023-05-09 18:55:25,0,394,7131384,Поставка сельхозтехники,Агро техниканы жеткізу,49,348954858706,91c930c3-744c-4089-83fa-846f12ced7f0,56,0,61327.06,0,0,1,Закупка сельскохозяйственной техники (тракторы),2022-11-28 19:16:21,3
57,74718,2,2024-03-13 23:21:06,0,484,5193267,Поставка кормов,Малға арналған жем жеткізу,247,983080369842,2bd687d3-2f26-415e-a0df-28d39089ba04,57,1,77313.28,1,1,1,Закупка кормов для сельскохозяйственных животных,2024-01-19 18:13:39,3
58,96903,2,2023-03-26 03:41:22,0,121,6539356,Ветеринарные услуги,Ветеринарлық қызметтер көрсету,275,737445992614,83de341a-eada-455d-8540-13ace1c41392,58,0,96488.97,0,1,0,Ветеринарное обслуживание и вакцинация животных,2025-08-07 11:33:12,3
59,73404,4,2024-05-15 22:58:24,1,378,7439876,Поставка упаковки с логотипом,Логотипі бар қаптаманы жеткізу,222,222222393047,d445e024-fb16-4e27-81fa-93d832494820,59,0,12758.48,0,0,0,Закупка упаковки для пищевых продуктов с логотипом,2023-11-30 18:39:04,3
60,99332,10,2024-03-05 08:23:14,0,495,5634385,Маркетинговые услуги,Маркетинг қызметтері,204,766182989433,31a1af1e-0842-457f-b89e-7aa01a23cdb0,60,1,81745.67,1,0,0,Маркетинговые услуги и digital-продвижение,2023-01-30 09:26:27,3
61,52722,2,2023-03-17 15:58:54,1,84,463971,Поставка рекламных стендов,Жарнама стендтерін жеткізу,121,686648936099,f050d1a8-2e23-4fec-97cf-3c896e6b3679,61,0,89125.53,0,0,0,Закупка рекламных стендов и вывесок,2025-07-25 20:56:53,3
62,89984,9,2023-02-19 06:29:22,1,340,5284293,Печать полиграфии,Полиграфиялық өнімдерді басып шығару,252,923424662358,365e1903-67ca-4a09-97d5-76124d061089,62,0,60025.50,1,1,1,"Полиграфическая продукция (буклеты, брошюры)",2023-07-17 19:39:27,3
63,38984,3,2023-04-27 15:39:10,1,269,5814088,Печать сувениров,Сувенирлерді басып шығару,481,715365692150,c8cd5e23-2fd5-47a4-b8b8-71c0eb0111ac,63,1,7790.70,1,1,1,Печать промо-материалов и сувениров,2025-07-17 11:03:40,3
64,10079,5,2024-06-25 10:33:08,0,123,4198751,Переводческие услуги,Аударма қызметтері,422,859409847020,c0fe1bd2-2f5b-4516-a04a-e08fe7710a8e,64,1,25676.06,1,1,0,Переводческие услуги (письменный перевод),2023-07-24 00:37:48,3
65,53455,3,2023-07-30 07:46:14,1,448,3132895,Услуги устного перевода,Ауызша аударма қызметтері,434,263920892192,ff2d6a7c-15f9-4581-8588-99ff2513c06f,65,1,14790.82,1,1,0,Услуги устного перевода на мероприятиях,2025-10-07 07:48:23,3
66,12756,4,2024-12-28 20:36:06,0,14,8436721,Аудиторские услуги,Аудиторлық қызметтер көрсету,366,184079521537,47c7034f-5360-4199-a51c-bae5eb9d208a,66,0,77328.57,0,1,1,Аудиторские услуги финансовой отчётности,2022-12-08 13:19:46,3
67,99735,8,2023-01-01 00:47:15,0,381,8736720,Юридическое сопровождение,Құқықтық қолдау көрсету,146,595757286022,2d23768d-a0bb-4833-a980-fca7916e5849,67,1,8187.72,1,0,0,Юридическое сопровождение договоров,2023-10-17 05:15:38,3
68,41518,3,2023-01-19 00:32:50,1,147,7774186,Налоговое консультирование,Салық бойынша кеңес беру,381,408462952187,fac6e4c4-da4f-4899-b139-74d5774dbe03,68,1,12763.40,1,0,1,Налоговое консультирование,2024-01-24 21:36:34,3
69,67438,7,2023-12-26 20:50:15,1,91,9072005,Охранные услуги,Охраналық қызметтер көрсету,463,788488879422,242bb555-46d5-46ba-8298-4bbc7f23edd6,69,1,15805.75,1,0,1,Найм и аутсорсинг охранных услуг,2023-08-25 05:51:31,3
70,22436,5,2023-10-17 22:05:01,0,306,2392866,Поставка противопожарного оборудования,Өртке қарсы жабдықтарды жеткізу,23,531579099272,74454efb-4528-4396-81a6-7dfd61b64431,70,0,92918.22,0,1,1,Закупка противопожарного оборудования и огнетушителей,2024-07-13 00:49:22,3
71,47812,6,2024-07-02 21:19:06,1,287,5763520,Противопожарные тренировки,Өртке қарсы жаттығулар өткізу,109,572430171239,9e8c59be-a949-4773-8aa7-bc744b6e1593,71,1,76209.61,1,0,0,Проведение противопожарных тренировок и инструктажей,2024-11-22 17:55:46,3
72,93404,5,2023-08-11 23:32:49,0,373,6400687,Поставка измерительных приборов,Өлшеу аспаптарын жеткізу,337,530378435829,309cf223-d0a7-4bdd-b5f8-360fa44dd63b,72,0,25650.90,0,0,0,Закупка измерительных приборов и датчиков,2024-08-25 04:44:55,3
73,60240,7,2025-03-04 11:31:58,1,161,4481491,Поставка дезинфицирующих средств,Дезинфекция құралдарын жеткізу,165,678045254037,432f24ef-f60f-4156-b0c4-42ea65999a24,73,1,18780.29,0,1,0,Закупка средств санитарии и дезинфекции,2024-06-19 05:22:49,3
74,31365,10,2025-09-23 03:13:42,1,106,7184568,Поставка холодильного оборудования,Тоңазытқыш жабдықтарын жеткізу,326,207531822810,fad52962-b0fa-4c36-ae2b-659c0c8c57ec,74,0,25292.39,1,1,1,Закупка холодильного оборудования для магазинов,2024-09-10 06:55:10,3
75,75011,1,2024-11-28 11:22:10,1,75,3262682,Поставка торгового оборудования,Сауда жабдықтарын жеткізу,472,544155894595,6e428afb-a339-4565-a46f-fb1d9c645916,75,1,28969.73,0,1,0,Закупка витрин и торгового оборудования,2024-05-19 18:51:22,3
76,72338,1,2024-12-17 08:42:23,0,396,4686360,Поставка POS-терминалов,POS-терминалдарды жеткізу,142,731345193072,616eeacb-9785-46d3-b694-6ebcf8e781d8,76,0,67449.81,1,0,1,Закупка POS-терминалов и кассового ПО,2023-05-17 09:30:37,3
77,23648,7,2023-06-12 16:34:23,0,20,4093157,Поставка банкоматов,Банкоматтарды жеткізу және орнату,97,845802938817,73196ca9-5c90-48df-bb5b-9c9acdbca470,77,1,54702.53,0,1,0,Закупка и монтаж банкоматов,2025-08-09 23:04:08,3
78,30110,5,2023-03-15 05:00:09,1,140,2935766,Поставка производственного сырья,Өндірістік шикізатты жеткізу,418,599982151235,587ca757-8701-4af7-9b56-5b4509a12106,78,0,73979.86,1,1,0,"Закупка сырья для производства (пластик, металл)",2023-02-18 05:44:06,3
79,52949,3,2023-01-17 20:35:38,0,91,4025108,Поставка упаковочных мешков,Орауыш қаптарды жеткізу,188,277779552603,71d7d157-1490-4519-a961-492529ba8fb7,79,0,17259.61,1,0,1,Закупка упаковочных мешков и тары,2024-10-22 14:24:03,3
80,14038,10,2023-05-27 15:21:13,1,462,1506368,Поставка промышленного оборудования,Өнеркәсіптік жабдықтарды жеткізу,149,493898378456,ad0c96ce-8633-4d61-aff5-d09771b570f7,80,0,54366.06,0,1,1,Закупка промышленного оборудования (станки),2024-09-01 21:43:08,3
81,54544,1,2023-08-09 18:06:32,0,279,8910145,Монтаж производственной линии,Өндірістік желіні орнату,161,667126986408,33824a87-e2e1-427c-9a50-98cd93e998f1,81,0,37640.14,1,0,1,Шеф-монтаж и наладка производственной линии,2025-03-26 06:54:46,3
82,40383,1,2025-03-11 05:30:16,1,486,1971025,Поставка фильтров для воды,Су тазалау сүзгілерін жеткізу,174,746222311639,02c2c60a-263f-40fe-b947-e25de6ed84ac,82,1,2387.81,1,1,1,Закупка фильтров для очистки воды,2023-09-20 13:11:58,3
83,1650,8,2025-03-14 03:42:11,0,344,9634997,Поставка систем водоподготовки,Су дайындау жүйелерін жеткізу,190,710731028209,9c5070ad-62d4-4c43-9abe-a6d04cb37cc2,83,1,54771.29,0,0,1,Закупка и установка систем водоподготовки для заводов,2023-10-23 06:11:29,3
84,29578,1,2024-08-20 21:55:27,0,300,6915549,Поставка лабораторных расходников,Лабораториялық шығын материалдарын жеткізу,291,992665259359,7dc473fe-a7e1-42c7-aa66-02e8d56f8787,84,1,13337.72,1,0,0,Закупка лабораторных расходных материалов,2023-03-11 01:01:26,3
85,5696,3,2023-01-26 10:38:42,1,351,880791,Поставка оборудования для мониторинга выбросов,Шығарылымдарды мониторингтеу жабдықтарын жеткізу,322,934720185073,482029ce-7978-44b6-ba77-ff4b161855e3,85,0,53340.00,1,1,1,Закупка оборудования для мониторинга атмосферных выбросов,2023-01-21 01:56:59,3
86,10535,9,2023-06-25 21:49:11,0,181,4523628,Поставка средств связи,Байланыс құралдарын жеткізу,42,834609462179,2a7976d1-af7e-4a8b-9888-55fca26571b9,86,0,65636.85,0,0,1,"Закупка средств связи (радиостанции, ретрансляторы)",2024-12-20 08:42:58,3
87,90667,7,2024-11-03 23:27:24,0,195,1555109,Поставка мобильных устройств,Мобильді құрылғыларды жеткізу,447,455296348688,68255ee1-5b1e-4ac2-9e01-8d54c939bfe1,87,0,1858.28,1,1,0,Закупка мобильных устройств и аксессуаров,2022-12-02 23:41:46,3
88,75910,4,2025-11-13 13:06:09,1,195,6759392,Поставка корпоративных подарков,Корпоративтік сыйлықтар жеткізу,216,874352013335,281f7e6e-928e-4c06-a387-4ebb3147a421,88,1,42746.31,0,1,0,Закупка корпоративных подарков и наборов,2023-09-19 16:04:53,3
89,61210,1,2024-03-05 06:43:15,1,169,3934614,Рекрутинговые услуги,Рекрутинг қызметтері көрсету,331,248152826046,263d20e4-c94e-453a-90e4-327d8b799ca2,89,0,68323.61,0,1,1,Рекрутинговые услуги и подбор персонала,2025-06-29 04:53:30,3
90,8999,5,2025-07-06 01:27:55,1,185,1584925,Проведение тренингов,Тренингтер өткізу,192,154184829348,604b9844-1cdc-498c-9414-92ce896e8896,90,1,67236.59,1,0,1,Проведение тренингов по развитию продаж,2023-01-04 23:44:11,3
91,51083,3,2024-12-13 00:52:10,0,308,6555871,Поставка спецодежды,Арнайы жұмыс киімдерін жеткізу,284,663109735938,af6dfcf6-d05f-4247-bea5-24cbdd72f471,91,0,59303.80,1,0,1,"Закупка спецодежды, обуви и униформы",2025-08-21 00:05:21,3
92,55158,2,2024-03-01 05:28:14,1,387,7412466,Поставка печатей и штампов,Мөрлер мен штамптарды жеткізу,38,524193396430,547e7864-2b5d-44b7-9846-8b0c954fad5a,92,1,58032.99,1,1,1,"Закупка печатей, штампов и бланков",2023-12-06 06:30:34,3
93,18419,6,2025-11-04 14:18:06,0,369,9926835,Поставка медоборудования,Медициналық құрал-жабдықтарды жеткізу,63,516093455935,c708097b-55a1-4f9f-a0dd-66b6f0907fad,93,0,75737.38,1,1,1,Закупка медицинского оборудования для клиник,2025-03-21 04:29:16,3
94,62594,1,2024-05-25 11:25:58,1,493,5668650,Инспекция и сертификация продукции,Өнімді тексеру және сертификаттау қызметтері,256,519892622147,b0ce1261-ef29-473d-94e4-c487d6c6fbc7,94,1,78920.04,1,1,1,Услуги по инспекции и сертификации продукции,2023-12-18 06:09:30,3
95,74764,7,2024-10-07 18:22:00,0,314,5412763,Поставка ИБП (UPS),ИБП (UPS) жеткізу,169,228161360733,efff6092-3cca-45a5-b2d7-e74dc23f3777,95,1,27919.68,0,1,1,Закупка автономных источников питания (ИБП),2023-05-14 12:10:04,3
96,57720,1,2024-01-31 21:30:42,0,417,7289858,Обслуживание компьютерной техники,Компьютер техникасын техникалық қызмет көрсету,361,468059450422,371053ed-f54f-436b-9335-1716e62b5eb4,96,0,35375.74,1,1,1,Ремонт и обслуживание компьютерной техники,2025-10-19 12:23:57,3
97,12115,6,2023-08-06 12:35:24,1,50,6033166,Поставка систем видеоконференций,Бейнеконференция жүйелерін жеткізу,462,389924060352,c63133ad-2266-4a18-9d29-422377c9c27a,97,1,44943.20,0,0,0,Закупка систем видеоконференцсвязи,2023-07-04 22:14:35,3
98,93187,9,2024-04-26 04:04:44,1,318,2569508,Поставка мебели для приёма пациентов,Пациент қабылдау бөлмелері үшін жиһаз жеткізу,152,285855935241,9fa8b6fc-27fa-4d7d-9235-cf6ecdc77ae7,98,1,34447.76,0,0,1,Закупка мебели для приёма пациентов,2023-09-19 22:45:37,3
99,3114,5,2025-02-11 13:57:00,1,220,7730295,Поставка дорожной и коммунальной техники,Жол және коммуналдық техника жеткізу,346,439187349295,7af6d574-3786-4407-9e34-479a075008a4,99,1,12078.01,1,0,1,Закупка дорожной и коммунальной техники,2025-05-29 12:56:19,3
100,55936,5,2024-03-15 06:28:03,0,359,8347252,Поставка расходных материалов для печати,Басып шығару шығын материалдарын жеткізу,493,240099902022,0f8703d6-5509-4e40-a9c1-6f312aa7210f,100,0,68417.25,0,0,1,Закупка расходных материалов для печати,2024-12-23 12:39:26,3
