pid,bin,iin,inn,unp,regdate,crdate,index_date,number_reg,series,name_ru,name_kz,full_name_ru,full_name_kz,country_code,customer,organizer,mark_national_company,ref_kopf_code,mark_assoc_with_disab,system_id,supplier,type_supplier,krp_code,oked_list,kse_code,mark_world_company,mark_state_monopoly,mark_natural_monopoly,mark_patronymic_producer,mark_patronymic_supplyer,mark_small_employer,is_single_org,email,phone,website,last_update_date,qvazi,year,mark_resident
1,988031896451,212999143459,861036425515,571628813479,2025-07-29,2025-06-29,2025-10-15 18:19:15,16503,зарплата,Белоусова Инкорпорэйтед,Вольво Карс (Zhejiang Geely),ГК Эфко,ООО «Фролова-Сафонова»,UZ,1,0,1,874,0,3,1,2,909,сбросить,776,0,1,0,1,1,1,1,veniamin1993@example.com,8 (098) 149-4848,https://general.biz/,2024-09-11 12:32:45,1,2013,0
2,104148244741,268500118596,985013255136,317431368826,2023-07-22,2025-10-24,2025-07-11 11:54:39,54857,хозяйка,Савин Инкорпорэйтед,ИП «Сергеева»,Федотова и партнеры,Сергеева Лтд,UZ,0,0,0,92,0,3,0,2,53,господь,654,0,1,0,0,0,0,0,evgeni_61@example.com,82955576012,https://ooo.info/,2023-06-14 20:19:06,0,2019,1
3,829524515046,650634783560,404538554458,260867053279,2024-05-23,2025-03-28,2024-08-24 08:22:20,35196,пропаганда,Р-Фарм,ИКЕА Торг (INGKA),ЗАО «Горбунова»,ОАО «Фомин»,UZ,1,1,1,499,0,3,1,1,452,оборот,780,1,0,1,0,1,1,0,ershovgleb@example.com,+7 952 440 4370,https://www.rao.info/,2025-09-24 17:24:25,0,2013,1
4,774463586292,570908754997,904142306739,777827960279,2025-09-14,2023-02-27,2025-11-18 15:34:38,33128,задержать,Казакова Лимитед,ИП «Мартынова»,Русская медная компания,"РАО «Сафонов, Кононов и Цветков»",KG,0,0,1,877,1,3,0,1,527,вчера,291,1,0,1,1,1,0,1,tverdislav2021@example.net,8 (998) 128-40-48,https://www.ip.info/,2024-08-08 23:41:16,0,2005,1
5,650760904126,340582544842,393852395161,404299772871,2023-01-18,2025-01-21,2024-05-18 21:19:47,16002,фонарик,Смирнов Лимитед,НПО «Евдокимов-Кононова»,ЗАО «Стрелков»,"ИП «Федотов, Афанасьев и Романова»",RU,1,1,1,109,1,3,1,2,260,упор,439,0,0,1,1,0,0,1,radislav_54@example.com,85303645987,https://www.melnikov.edu/,2023-07-27 21:55:33,0,2011,0
6,353013676925,581310664479,745109730284,333610290614,2025-05-31,2022-12-16,2022-11-27 17:10:12,37822,бегать,Юдина Инк,ООО «Гуляев»,Кроношпан (Kronoplus),НПО «Михайлова-Ершов»,RU,0,0,0,984,1,3,0,2,412,парень,614,0,1,0,1,1,0,1,gavrilovaevgenija@example.com,+7 (838) 531-8865,https://ip.edu/,2025-01-24 10:07:53,0,2009,1
7,972318791414,297795966005,602255451207,987176540731,2023-06-04,2025-07-28,2024-11-10 23:25:39,48399,слишком,АО «Мельникова-Карпов»,"НПО «Суворов, Воронцов и Жданова»","ИП «Сысоев, Воронова и Титова»",НПО «Волков-Цветкова»,KG,1,0,0,372,1,3,0,1,139,темнеть,912,0,0,1,0,0,0,1,vasilevaoksana@example.org,8 (856) 741-9829,https://www.bogdanov.biz/,2023-08-15 00:02:34,1,2014,1
8,710743263913,134009538701,338106390592,750090175427,2024-03-26,2025-06-28,2024-06-25 04:11:12,63496,механический,"ИП «Крылова, Юдина и Лихачев»",Субботина Инкорпорэйтед,ФСК Лидер,ПСК,UZ,1,0,1,225,1,3,0,1,526,заложить,533,0,1,0,0,1,1,1,antonin1987@example.com,+7 610 576 5788,http://npo.biz/,2023-06-27 13:46:56,0,2004,1
9,388672825584,241229420155,963259696354,869253776288,2025-01-07,2024-10-20,2023-02-12 06:33:16,85772,умолять,Морозова Лтд,ИП «Михеева Панова»,Продимекс-Холдинг,"ООО «Колобова, Медведев и Лукин»",UZ,0,1,0,879,0,3,1,2,58,грустный,925,0,0,0,1,0,0,0,sokolovizmail@example.org,8 878 875 7780,https://kudrjashova.ru/,2023-07-24 12:30:33,0,2011,0
10,997756642221,473428899404,928703120535,972708974783,2024-04-19,2023-11-03,2024-02-02 22:36:09,64099,запретить,"НПО «Гурьева, Соловьева и Васильева»",Зиновьев Инк,"ИП «Кулагина, Воронцова и Лукин»",ОАО «Гаврилова Воронцова»,KZ,0,1,0,307,0,3,0,3,466,роскошный,48,1,1,1,1,0,0,0,eduard1979@example.org,+7 (681) 787-18-94,https://www.ip.com/,2025-05-14 06:24:19,1,2020,1
11,349437808279,548122950934,747260481179,579739967398,2024-11-09,2024-09-04,2023-03-30 02:45:14,41244,через,ООО «Владимиров Орехов»,РАО «Киселев»,"НПО «Попова, Третьяков и Гущин»",Орлова и партнеры,RU,0,0,1,661,1,3,1,3,542,термин,13,0,1,0,0,0,1,0,moketretjakov@example.com,+7 (412) 496-9744,http://www.npo.com/,2024-10-06 07:20:38,0,2009,0
12,869091966902,441954794219,429737419409,548562039458,2023-08-05,2023-03-29,2025-09-22 05:24:18,56731,заявление,"НПО «Андреева, Якушев и Колобова»",Продимекс-Холдинг,Сегежа,Газпром бурение,RU,1,0,0,133,1,3,0,1,904,человечек,866,1,1,1,1,1,0,0,polina18@example.com,+7 994 206 04 86,http://kalinina.biz/,2025-02-07 23:59:27,0,2011,0
13,435870999904,250107567119,855018042216,526338982448,2023-01-13,2023-05-02,2023-08-13 18:29:56,44702,помимо,ГК Автомир,ОАО «Елисеева-Селезнев»,"НПО «Овчинникова, Лукин и Наумова»","ОАО «Кулагина, Мухин и Игнатьев»",KZ,0,1,1,722,1,3,1,1,288,идея,581,1,1,1,0,0,0,0,bmolchanov@example.net,8 (072) 638-9749,https://koka-kola.ru/,2024-04-24 00:49:52,0,2019,0
14,908450914933,786669485644,927349921299,709705797460,2024-06-17,2025-03-26,2023-04-20 10:15:02,80980,миллиард,РАО «Белоусов Пономарева»,НПО «Денисов»,Марков Инк,ЗАО «Бирюков»,KG,0,0,1,801,0,3,0,3,77,июнь,841,1,1,1,1,1,0,0,andre_17@example.net,81862324523,http://www.ovchinnikov.org/,2024-11-04 16:21:11,0,2013,1
15,390042015627,547092117517,210442423515,318730349691,2024-07-21,2023-11-06,2024-06-17 15:22:37,33209,опасность,Globaltrans,ЗАО «Бирюков»,ОАО «Белов»,Григорьев Инк,RU,1,1,0,756,0,3,1,3,374,заявление,163,1,0,1,1,1,0,1,mark_2025@example.com,+7 (213) 638-4506,https://www.fomicheva.info/,2023-12-14 20:32:35,1,2001,1
16,574606285717,913789791069,831504804273,972235446733,2024-06-28,2025-11-12,2024-08-17 03:16:11,60997,прелесть,Нортгаз,ИП «Овчинникова-Гордеева»,ОАО «Никонов-Суворов»,Вита Лайн,KG,1,1,1,43,1,3,0,2,42,ночь,524,1,0,0,1,0,1,0,julian2009@example.org,87210517463,https://www.npo.ru/,2024-04-03 19:03:52,1,2018,0
17,294541665866,536040576455,833296183740,697585967787,2023-05-21,2025-03-02,2024-05-06 07:22:01,26862,сустав,РАО «Соколова»,"РАО «Русакова, Горбачева и Филиппов»",РАО «Котова Виноградова»,ООО «Кононова-Меркушев»,KG,0,1,0,831,0,3,1,1,276,правильный,640,0,0,0,1,0,0,0,bnosov@example.net,+7 608 843 9129,https://www.molchanov.info/,2025-06-17 11:24:36,1,2023,0
18,676559371537,806376425999,280526017342,458889998608,2023-09-06,2025-07-03,2024-06-07 11:59:49,55684,пятеро,ВЭБ.РФ,НПО «Данилова-Князев»,Игнатьева Групп,ОТП Банк,KG,1,0,1,676,0,3,1,3,509,роса,907,0,1,0,1,0,0,0,voronovostromir@example.com,8 792 664 5755,http://www.ao.org/,2022-12-14 06:39:58,1,2010,0
19,953243758940,217099679740,717652407625,107237867860,2024-03-30,2023-08-10,2023-08-23 11:57:12,98624,прошептать,ООО «Архипов Павлов»,НПО «Осипов-Галкина»,Белоусов Инкорпорэйтед,Козлов Групп,KG,0,0,0,762,0,3,1,1,929,достоинство,601,1,1,1,1,0,0,1,tsafonova@example.net,8 (569) 962-32-60,http://www.ao.org/,2024-05-10 16:00:50,1,2003,0
20,256921616494,878758054068,798055125033,947200073734,2024-12-24,2023-02-28,2024-08-02 19:53:35,39959,хозяйка,ИП «Воробьева-Новиков»,Уваров Лтд,"АО «Мясникова, Красильникова и Панова»",Норникель,KG,1,1,1,569,0,3,1,1,156,идея,558,0,0,1,0,0,1,1,stanimir1990@example.net,8 373 063 1510,https://www.zao.org/,2023-05-21 04:32:27,1,2004,0
21,641256088666,381503485276,124202250422,242937303627,2024-02-21,2023-07-24,2025-09-29 08:11:04,64353,помимо,ИП «Шестакова Мельникова»,ЗАО «Котова-Кошелева»,ЗАО «Михайлова-Шубина»,НПО «Дьячков Ефремова»,KZ,0,0,1,894,1,3,1,2,775,остановить,468,1,1,1,0,0,0,1,sinklitikija1971@example.com,8 (781) 646-85-74,http://www.ompk.info/,2024-05-09 01:24:25,1,2014,1
22,361586465679,990925290666,955176526224,469153342848,2023-08-01,2023-08-04,2023-12-16 00:58:47,11355,труп,Бирюкова Групп,ОАО «Калашников-Тимофеев»,Шилова Инкорпорэйтед,Доронина Инкорпорэйтед,KG,0,0,0,950,1,3,1,1,467,выражаться,193,0,1,1,1,0,1,1,anatoli_36@example.net,+7 (980) 338-03-78,https://www.mumt.ru/,2024-05-05 17:21:42,0,2016,0
23,752537787504,256584109694,585736968821,226870966370,2023-12-27,2025-11-21,2023-07-24 14:36:28,35094,совещание,"АО «Бобылев, Артемьев и Панова»",Аксенов Инк,Металлсервис,Фомин Инк,UZ,1,1,0,438,1,3,0,3,117,смертельный,629,0,0,1,1,1,0,0,foma2012@example.com,+7 (028) 286-3050,http://www.oao.biz/,2025-07-22 09:54:54,0,2021,0
24,349122320655,634149779893,703251358361,178555881705,2022-12-25,2024-09-25,2025-07-24 22:33:32,93477,означать,"ООО «Прохорова, Александрова и Константинова»","РАО «Евсеев, Рябов и Смирнов»",Якушева Лтд,Цветков Лтд,UZ,0,0,0,570,1,3,0,3,602,неожиданный,11,1,1,1,0,0,0,0,moke_2004@example.net,8 995 513 3652,http://ao.org/,2023-04-26 06:54:34,1,2023,1
25,358044850231,993391202106,447479718064,108267346571,2024-02-28,2025-03-04,2025-04-15 01:28:24,23314,аж,Пермэнергосбыт,"НПО «Евдокимова, Гуляева и Соловьев»",Август,Аксенова и партнеры,KZ,1,1,0,233,0,3,0,1,993,жить,683,1,0,1,1,0,1,1,frol_2014@example.com,8 (484) 259-7676,http://www.satkinski.net/,2023-03-12 02:44:11,1,2018,1
26,374590884746,980698949695,751870946887,111428942546,2022-12-27,2023-04-04,2023-10-10 14:29:00,81914,даль,Группа Нэфис,ИП «Мартынов»,АО «Захаров-Капустин»,Костина Лтд,KG,1,1,1,908,0,3,1,2,657,подземный,378,0,1,1,0,0,0,0,bogdan1992@example.org,8 (083) 925-27-64,http://npo.edu/,2025-01-10 13:52:59,0,2000,0
27,158792481826,566059419891,889534107488,547967272260,2024-05-14,2025-01-07,2025-04-19 06:49:36,84857,присесть,НПО «Константинова Суворова»,Пономарева и партнеры,ИП «Боброва»,НПО «Горбунов-Савин»,KG,0,0,0,184,0,3,0,1,443,выразить,452,1,0,0,1,1,0,1,aleksandra_1974@example.com,8 116 873 5999,http://rao.net/,2025-02-09 13:40:42,1,2005,1
28,217148113990,717739556879,746216319503,497513150397,2023-06-22,2023-03-25,2023-06-27 13:12:45,98979,заведение,АО «Брагина-Воронцова»,Великолукский мясокомбинат,АО «Рябова Назаров»,Максимов Лимитед,UZ,1,1,0,556,0,3,1,1,276,тревога,68,0,1,0,0,1,1,1,anani_2025@example.com,+7 027 609 20 66,https://zao.org/,2024-04-29 09:20:54,0,2007,0
29,925077352424,215577916765,996106023506,764411764328,2024-02-10,2024-06-21,2023-06-18 18:11:42,10841,юный,"ЗАО «Ильина, Куликова и Матвеев»",ООО «Яковлева Осипов»,Ягуар ленд ровер,"ОАО «Соколова, Субботина и Карпова»",UZ,1,1,0,213,0,3,1,2,439,уточнить,77,0,0,0,1,1,0,1,nadezhda66@example.com,+73434550003,http://ooo.edu/,2023-03-04 14:54:22,1,2023,0
30,432482934184,289830575345,885111900538,966721498922,2023-04-20,2024-02-24,2024-11-11 12:08:03,88477,пол,АО «Селезнева Воробьев»,ОАО «Кондратьев-Константинова»,"ИП «Давыдов, Самсонов и Голубев»",ИП «Герасимов»,RU,0,0,0,97,1,3,1,1,697,ученый,653,1,1,1,0,0,1,0,iosif1993@example.org,+7 (345) 263-6732,http://www.kononova.org/,2025-10-17 06:26:04,0,2012,0
31,495821835229,878445985363,461166365869,270028286133,2025-09-09,2025-10-03,2023-06-21 21:24:22,83061,ремень,ГК Титан,АО «Гордеева»,ООО «Гуляева Симонов»,ЗАО «Исакова-Бобров»,KG,0,1,1,671,1,3,0,2,522,потом,230,1,1,1,1,0,1,0,zhukovantip@example.com,+7 919 425 44 93,https://konar.net/,2024-08-13 07:14:40,0,2023,0
32,761121029031,665244678016,335382817102,902903510553,2024-11-06,2024-01-01,2024-12-31 22:52:01,30034,запеть,ОАО «Якушев Гусев»,АО «Журавлева-Веселов»,"НПО «Лаврентьева, Комиссаров и Колобов»",Тева (Teva),KG,0,0,0,539,0,3,0,3,765,что,572,1,1,0,1,1,0,0,naum89@example.org,8 (939) 177-2503,https://rao.org/,2025-09-09 07:18:17,0,2018,1
33,313893982821,973794480281,244227784351,357667571304,2025-01-29,2024-08-31,2025-10-13 22:39:54,87649,витрина,Власов Лимитед,АО «Якушев»,АО «Попова Бирюкова»,ВТБ,UZ,0,1,0,464,0,3,1,1,898,сынок,497,1,0,1,0,0,0,1,oleg1988@example.com,+7 (027) 647-4367,https://www.oao.edu/,2024-08-09 18:55:02,1,2007,0
34,294581882071,921749946720,969035568008,517914152688,2023-08-01,2024-09-08,2025-04-03 20:00:26,26607,ягода,Суворова Инк,Мария-Ра,ОАО «Пономарев Уварова»,Метафракс,RU,0,0,1,859,0,3,0,3,133,похороны,285,1,1,0,0,1,0,1,gemeljanova@example.org,+76781392070,https://npo.com/,2024-11-25 05:23:33,0,2009,1
35,274313092323,288726769699,112725209715,959536325478,2024-07-19,2024-11-21,2024-06-14 01:11:26,64495,вперед,Рябов Инк,АК Алроса,АО «Мамонтов»,ЗАО «Петухова Никитин»,UZ,1,0,0,70,0,3,1,1,158,четыре,55,0,0,1,0,0,1,1,apollinari1970@example.com,8 (698) 579-29-16,http://www.laboratorija.org/,2024-11-03 07:01:01,1,2010,1
36,436918431938,256243043507,887162348567,328317183174,2025-01-23,2022-12-11,2025-04-13 10:51:37,26895,умирать,НПК Уралвагонзавод,Бристоль,"НПО «Гурьева, Павлов и Анисимова»",Якушева Лимитед,UZ,0,1,1,715,1,3,1,2,989,выражение,811,1,0,1,0,1,1,0,muravevbudimir@example.net,8 (739) 914-40-04,http://ip.net/,2023-06-30 03:52:17,0,2001,0
37,704085179942,712553654115,684050706162,666796017853,2025-07-06,2023-04-01,2023-09-22 22:51:39,47844,конструкция,"ИП «Брагин, Маркова и Гусев»",Гришина Групп,Куликова Лимитед,Квадра,UZ,1,1,1,144,1,3,1,1,930,парень,800,0,1,0,1,0,1,0,gkrasilnikov@example.org,8 (821) 000-4944,http://noskov.org/,2024-11-13 13:03:58,1,2004,0
38,476911438293,670576777981,102869257221,522943286956,2023-09-05,2025-07-15,2025-08-24 22:55:34,36497,отдел,"ОАО «Шестаков, Наумов и Смирнов»",РАО «Лыткин»,"АО «Пахомова, Тетерина и Буров»","АО «Харитонова, Артемьев и Молчанов»",KG,1,1,1,560,1,3,0,2,332,инструкция,361,0,1,1,0,1,1,0,evgenitretjakov@example.net,+7 265 376 2943,http://www.rao.edu/,2024-03-01 16:00:46,1,2006,0
39,249979960934,336978487751,119109380373,979969724895,2024-08-07,2023-04-11,2023-09-11 04:51:42,42283,магазин,НПО «Якушева»,ООО «Суворова»,ООО «Попова-Авдеева»,ООО «Шубин Маслов»,KG,0,0,1,254,0,3,0,1,588,кидать,399,0,0,0,0,1,1,1,kopilovanatalja@example.org,8 183 095 5791,http://www.oao.org/,2022-11-29 17:22:37,0,2009,1
40,368638596420,859457680017,807620333855,521034542873,2023-06-22,2023-09-20,2023-07-13 02:50:59,14926,сынок,"ИП «Архипов, Горбунова и Лихачев»",Федотов Лтд,ЗАО «Лазарев Пономарева»,ОАО «Логинова-Петров»,RU,1,1,1,497,0,3,0,2,180,приличный,674,1,1,1,0,1,1,0,koshelevfedot@example.net,+7 (807) 330-20-17,https://ooo.com/,2024-09-08 13:53:01,0,2013,1
41,588398309125,324805776591,586498601697,973918287727,2024-12-26,2023-11-25,2023-12-27 06:45:47,23907,порог,РАО «Устинова-Воробьева»,СБСВ-Ключавто,Кари,ДК Рус,KZ,0,0,0,636,0,3,1,1,567,изредка,872,0,0,0,1,0,0,1,djachkovaivanna@example.org,8 (821) 052-0729,http://zao.net/,2024-05-26 02:48:52,1,2021,0
42,903272156504,577022799090,141602445783,736472654396,2023-06-17,2025-11-01,2024-04-16 16:18:42,37763,непривычный,"АО «Кулагина, Голубев и Зимин»",ЗАО «Владимирова Наумова»,Р-Фарм,"ОАО «Калашников, Веселов и Назаров»",UZ,0,1,0,58,1,3,1,1,26,демократия,162,1,1,1,1,1,1,0,modest_2016@example.net,8 730 300 7748,https://www.birjukova.info/,2024-02-21 20:25:15,0,2020,1
43,885980129116,710481520047,921490770049,491715327981,2023-07-08,2025-01-24,2025-08-21 07:47:13,69857,подземный,"НПО «Медведева, Сорокина и Лобанов»",ООО «Данилов»,ИП «Зиновьева»,"РАО «Кононов, Тимофеев и Большакова»",KZ,1,1,0,447,1,3,1,1,902,успокоиться,662,0,1,1,0,0,1,0,ponomarevfilimon@example.com,+7 413 523 9500,http://ip.ru/,2025-05-26 07:35:17,0,2017,1
44,164315599223,351940832095,167106303911,824983329034,2023-02-25,2023-12-05,2023-05-31 02:39:44,38191,костер,РАО «Ильина Красильников»,АО «Шашкова»,Октоблу (Decathlon),Автодом,UZ,0,0,1,504,0,3,0,2,558,о,926,0,0,1,0,0,1,0,gennadisimonov@example.com,+7 (758) 119-2862,https://ooo.edu/,2023-08-29 14:05:11,1,2010,0
45,359142734077,709127752008,902009200166,519090571180,2025-03-24,2023-01-23,2023-08-28 11:37:27,17187,песня,РАО «Якушева-Котова»,КМР и СНГ (KIA),Лукина Лтд,РАО «Харитонов Осипова»,KZ,0,0,1,926,0,3,0,2,45,разводить,982,0,1,1,1,1,0,0,vsevolod_45@example.net,+7 254 547 16 17,https://www.ip.net/,2023-04-18 06:00:41,1,2015,0
46,771828144808,576140727924,664178523822,996987045376,2025-10-05,2023-01-08,2023-11-25 16:29:16,99126,да,АО «Бирюков»,РАО «Блохин Матвеев»,Самойлова и партнеры,Кондратьева Инк,RU,1,0,0,396,0,3,0,1,925,естественный,50,1,0,1,0,0,1,1,gennadi1984@example.org,8 (131) 153-78-45,https://www.ershov.ru/,2024-07-01 06:11:58,1,2018,1
47,565865644710,864413359551,136819008819,128977142398,2025-09-23,2025-11-10,2022-12-04 18:20:09,99210,услать,РАО «Панова-Зыков»,ИП «Поляков-Константинова»,РАО «Константинова-Лукин»,ЗАО «Соколов Титов»,UZ,0,1,0,444,0,3,1,3,247,исследование,253,0,1,0,0,0,0,1,vikentimishin@example.org,80686935731,http://www.ip.com/,2024-03-21 20:18:14,1,2013,0
48,714063346949,991913270345,895140886545,923964335565,2024-02-21,2023-09-02,2025-09-08 21:03:15,62315,народ,ЗАО «Аксенов»,ВО Промсырьеимпорт,Потапова Инк,"РАО «Калинина, Соловьев и Степанова»",RU,1,0,1,69,1,3,0,2,658,гулять,325,0,1,0,0,0,1,1,samson68@example.com,+7 (273) 505-1124,https://ooo.com/,2023-11-01 23:06:41,1,2004,1
49,184956008465,867051312242,345300981915,724088772992,2024-10-27,2025-10-19,2023-01-11 06:29:37,11955,скрытый,ЗАО «Архипов Субботин»,Пермэнергосбыт,Восток-Запад,АО «Лыткин»,RU,1,1,0,369,0,3,0,2,932,расстройство,607,0,1,0,0,1,0,0,evdokimovermil@example.net,8 978 262 94 44,http://npo.info/,2024-10-13 20:20:17,1,2016,1
50,769544940174,423095593906,624129319364,112693820017,2023-03-16,2024-04-01,2023-03-11 06:22:03,20055,ученый,АО «Боброва-Петухов»,РАО «Иванов-Копылов»,"ЗАО «Белоусов, Щукин и Молчанова»",Мухин и партнеры,RU,0,0,0,152,0,3,1,3,941,затянуться,544,0,0,1,0,1,1,1,simon34@example.org,8 425 878 52 90,http://rao.com/,2025-09-21 03:07:29,0,2012,0
51,717165488837,801042984223,904651997120,601426556408,2024-03-03,2024-08-23,2025-05-21 06:03:37,54844,единый,РАО «Мельникова»,ЗАО «Харитонова Зайцева»,"АО «Лукин, Вишняков и Сорокин»",Сибуглемет,KZ,0,0,0,657,1,3,0,1,382,отъезд,783,0,0,1,0,1,1,1,sofronlapin@example.org,+70578771316,https://aston.edu/,2025-10-29 08:54:50,0,2001,0
52,553052903999,577598835724,621527977287,485785966104,2025-08-27,2023-05-22,2023-03-23 09:51:50,37289,инструкция,НПО «Власов»,ЗАО «Пономарева»,"НПО «Быков, Молчанов и Брагин»",РАО «Гущина-Марков»,KZ,1,1,0,934,1,3,0,1,490,правый,504,0,0,1,0,1,0,0,popovamvrosi@example.com,+7 901 852 2096,https://www.ao.info/,2024-06-15 22:39:52,0,2019,0
53,690150262012,175725621806,935218079948,947097166031,2025-06-25,2022-12-22,2024-10-13 09:33:08,81661,терапия,"РАО «Шилов, Комиссарова и Крылова»",Ефремов и партнеры,НЗНП,"ООО «Галкин, Романова и Сысоев»",KZ,0,0,1,464,0,3,0,1,27,ягода,209,0,0,0,0,0,0,1,sobolevanadezhda@example.net,+7 (336) 189-79-99,http://www.novartis.net/,2024-09-12 15:14:31,1,2017,1
54,546800566782,474098532528,156048315194,971675305089,2025-05-07,2025-10-19,2025-10-09 22:37:53,18228,расстегнуть,ООО «Третьякова-Мамонтова»,Назарова Лтд,Сибур Холдинг,Русэнергоресурс,KG,0,0,1,258,1,3,0,3,580,монета,442,0,1,1,1,1,1,1,miron91@example.org,+7 (208) 262-4328,http://veselova.ru/,2025-06-28 22:07:45,0,2015,1
55,222307215668,512000633729,161938851053,985149380168,2025-07-01,2024-03-31,2023-06-02 22:54:57,60817,горький,ТМК,ОАО «Емельянова»,АО «Шашкова Сергеева»,"НПО «Ефимов, Беляев и Мишина»",UZ,0,1,0,936,0,3,1,2,94,проход,749,0,1,1,1,0,0,0,julian20@example.com,+7 437 772 4363,https://rao.edu/,2025-02-03 19:09:28,0,2006,1
56,368596261436,144237519759,962838678394,600504053351,2025-06-16,2025-10-02,2024-07-09 08:39:40,37003,художественный,"РАО «Орлова, Бирюкова и Горбачев»",Тетерина Групп,ВСК,Копылов и партнеры,RU,1,1,1,454,0,3,0,3,494,мера,777,0,0,0,1,0,0,1,ruben_86@example.com,8 (380) 392-22-54,https://www.sds-ugol.net/,2023-07-24 16:33:18,1,2010,1
57,152210289011,653232200635,105952244618,965804429893,2024-05-03,2024-09-27,2025-06-14 08:48:27,85852,дьявол,Панфилова Инкорпорэйтед,"ООО «Якушев, Пестов и Панфилов»",АО «Жуков Якушева»,Объединенная энергетическая компания,UZ,0,0,1,437,1,3,0,1,520,скользить,263,0,1,1,1,0,0,0,sitnikovaksenija@example.net,+7 (753) 422-9341,https://oao.net/,2025-02-28 03:04:27,1,2016,1
58,298592302690,354025195660,316530857293,108150817845,2025-09-21,2025-02-25,2023-03-01 21:24:48,62238,да,"РАО «Авдеева, Гурьева и Уваров»",ЗАО «Игнатьев-Моисеева»,ОАО «Кудряшова Бобылева»,"АО «Щукин, Устинова и Колобов»",RU,0,0,1,995,1,3,0,2,202,виднеться,591,0,0,1,1,1,0,0,leontifadeev@example.net,8 (957) 205-91-21,http://www.tmk.org/,2024-12-25 23:20:12,0,2021,1
59,751065032652,946278894099,370614590372,988131582624,2025-04-30,2025-07-25,2023-05-01 08:18:28,30510,господь,ООО «Ситникова Кулагин»,"АО «Герасимов, Колобова и Шубин»",Смирнов Инкорпорэйтед,АО «Григорьев Щукина»,KZ,1,0,1,217,0,3,0,1,726,каюта,57,1,0,0,1,0,1,0,eliseevustin@example.org,85550501536,https://www.teterina.com/,2023-12-27 20:32:59,0,2012,0
60,384225498130,758745506559,575262129699,966715775737,2023-04-01,2024-10-07,2024-01-07 00:14:13,20845,освободить,Импэкснефтехим,ИП «Силина»,Князева и партнеры,Матвеева и партнеры,RU,1,0,0,585,0,3,0,2,682,дрогнуть,925,1,0,1,1,1,0,0,feoktistnazarov@example.net,+7 370 862 74 52,http://ooo.ru/,2025-03-21 13:15:23,0,2005,1
61,195916931483,202034701765,909498408457,709053369245,2025-04-15,2024-02-18,2023-07-17 17:50:00,34857,желание,Никонова Инкорпорэйтед,АО «Трофимова»,ООО «Яковлев-Рыбакова»,"ЗАО «Шестакова, Марков и Мясников»",RU,0,1,1,346,1,3,1,2,185,рота,449,0,1,0,1,0,0,1,jakovlevpanfil@example.net,84734104948,https://oao.org/,2023-07-23 07:52:57,0,2021,0
62,770332652000,351985752495,652713694610,334326326263,2024-05-15,2025-03-11,2025-05-27 13:13:12,22034,настать,АО «Калинина Родионов»,Маслова Инк,ОАО «Павлова Ковалева»,АО «Суворов Бирюков»,KG,0,1,1,417,0,3,1,2,241,товар,305,1,0,0,1,1,0,1,milenbolshakov@example.com,8 (712) 807-93-47,https://rao.org/,2024-08-15 13:38:51,0,2003,1
63,439781386052,821716750772,555139448084,632824973264,2023-12-15,2025-04-01,2025-11-14 17:02:39,87701,около,Nordgold,"ИП «Кошелева, Бирюкова и Макарова»",НПФ Газфонд пенсионные накопления,НПО «Горбачева Макаров»,KG,1,0,0,823,1,3,0,2,35,обида,878,1,1,1,1,0,1,1,ernest_2014@example.net,+7 254 136 8300,http://www.sazonova.edu/,2024-05-14 15:09:40,1,2021,1
64,236615820415,924384719463,405095608464,212097084913,2025-06-12,2022-12-20,2025-04-18 13:02:10,86192,тесно,ДК Рус,ИП «Карпова-Брагина»,ООО «Беляева»,Макарова Лимитед,KG,0,1,1,228,0,3,0,2,97,ложиться,657,0,1,1,0,0,1,1,moiseevvladislav@example.org,8 (616) 729-1930,http://blinov.net/,2024-03-12 20:10:52,1,2008,0
65,559892389474,452191610950,560616648320,598037057105,2023-09-19,2025-01-19,2024-11-19 03:15:02,44290,грустный,РАО «Вишнякова Владимиров»,Алексеев Групп,РАО «Устинова Лобанова»,ОАО «Кузнецова Орлова»,KZ,0,0,0,244,1,3,1,1,697,головной,805,1,1,1,1,0,1,0,jan_1987@example.org,+7 (739) 793-18-30,http://www.zao.net/,2023-01-26 00:14:34,0,2014,0
66,470166434307,677159146235,535752702727,517426601307,2025-08-08,2023-01-21,2025-06-28 10:27:37,66167,пища,АО «Елисеева Носов»,НПО «Воронов-Филиппова»,"ООО «Назарова, Зайцев и Жукова»","АО «Соколова, Фомин и Лазарев»",KG,0,0,0,843,0,3,1,3,367,столетие,98,0,0,0,0,1,0,0,krilovamilitsa@example.com,+7 (423) 207-59-81,http://kiseleva.com/,2023-03-11 17:23:17,0,2000,0
67,628952928603,896093543204,759208533741,631018786112,2025-05-15,2023-12-22,2025-06-11 17:12:48,25035,услать,Дементьев Лтд,"ООО «Костина, Шарапова и Константинова»",ООО «Беспалова-Гуляев»,ООО «Меркушева»,UZ,0,0,0,142,0,3,1,3,690,идея,593,1,1,1,1,1,1,1,merkushevfade@example.com,+7 494 193 0827,http://npo.com/,2025-07-26 11:00:31,1,2005,1
68,762537424421,438360580043,309997157419,437184642842,2025-04-26,2025-02-08,2024-07-12 17:28:02,29464,отдел,ИП «Корнилова-Богданова»,Тарасов Групп,РАО «Лукина»,"АО «Куликова, Осипова и Горбачев»",RU,1,0,0,46,1,3,1,1,137,спешить,736,1,0,1,0,1,0,0,rstrelkova@example.org,+7 174 483 9331,http://www.argos.org/,2025-05-06 14:14:55,0,2013,1
69,598257518194,569715353982,224490120199,288247244969,2024-09-07,2022-12-08,2024-01-21 00:24:50,22073,степь,Денисова Инкорпорэйтед,"АО «Крюкова, Зуев и Власов»","ЗАО «Кузнецов, Кондратьев и Сидоров»",ООО «Морозов-Кабанов»,UZ,0,0,0,754,0,3,1,3,780,деньги,486,0,0,0,0,0,1,1,mitofan1972@example.org,+7 209 139 7952,http://ershov.net/,2023-07-24 21:45:32,0,2018,1
70,360969206321,528630991201,913393228379,158091500891,2024-12-31,2025-02-19,2025-11-11 23:40:37,94110,изба,ООО «Волков Кондратьев»,"ИП «Петрова, Устинова и Фадеева»","ЗАО «Марков, Калинина и Захарова»",ГК Ташир,UZ,0,0,0,41,1,3,0,3,530,багровый,391,0,0,0,0,1,0,1,arhip_48@example.com,8 (282) 109-62-95,https://www.rao.info/,2024-10-20 03:26:09,0,2017,0
71,619449791531,261208287139,348444763348,195238302394,2024-10-03,2024-11-13,2023-08-24 22:09:46,55454,слать,Абрамова Лтд,ИП «Сысоева»,"ЗАО «Устинов, Козлов и Хохлова»",РАО «Беляков Петрова»,RU,1,1,0,278,1,3,1,2,301,девка,164,0,1,1,0,1,1,0,mefodi_22@example.org,8 990 677 77 90,https://npo.org/,2024-05-23 22:18:59,0,2018,1
72,858909596393,180536286174,140945176926,982982053735,2023-01-19,2023-07-08,2024-09-28 15:32:55,39710,поставить,РАО «Зуев-Гаврилова»,"ОАО «Карпова, Харитонова и Селезнев»",НПО «Крылова»,РАО «Гущина Воробьева»,KZ,0,1,1,174,1,3,1,3,463,идея,706,0,0,0,0,1,0,0,vkotov@example.net,8 659 715 9261,http://uralskie.ru/,2023-11-11 18:12:22,0,2001,1
73,705607341099,252103077883,605019190525,639647292680,2024-04-13,2024-01-28,2024-06-23 16:55:49,17207,порода,ООО «Терентьева»,АО «Веселова Коновалова»,Ефремова Лимитед,"ООО «Владимиров, Васильев и Данилов»",KZ,0,0,1,879,0,3,0,1,801,разуметься,393,0,0,0,1,1,0,1,nazar1987@example.org,80939259052,https://www.oao.org/,2023-10-10 20:50:12,1,2015,0
74,310774533713,867683172172,547612476481,108510300647,2025-10-03,2023-02-02,2025-08-29 19:42:37,35775,поколение,ИП «Гурьева-Савин»,ИП «Кузнецова»,ИП «Красильникова-Беляев»,ОАО «Субботина Елисеев»,UZ,0,1,0,972,1,3,0,3,46,решение,931,1,0,0,0,1,1,0,rusakovevstafi@example.net,+7 882 015 79 37,http://www.dochki-sinochki.ru/,2024-09-24 02:50:04,1,2020,1
75,748095177385,179190033730,846506583674,364138385066,2025-06-19,2023-06-21,2025-01-28 09:20:55,66503,иной,"РАО «Миронова, Дементьева и Комаров»",РАО «Логинов»,Ферреро Руссия (Ferrero),Боэс Констракшн (Boes Construction),KG,1,0,0,955,1,3,1,2,474,сбросить,418,1,0,0,0,0,1,0,artemevasofija@example.com,8 916 137 74 91,http://www.zao.biz/,2025-11-24 00:36:28,1,2008,0
76,251950290761,680303121770,119522054198,125162541378,2023-12-18,2025-04-12,2023-09-03 09:19:25,49903,песня,СНПХ,РАО «Смирнова Лебедев»,НПО «Ситников-Ковалева»,ООО «Молчанова Мартынов»,KG,1,0,0,755,0,3,1,2,285,развитый,245,1,0,0,1,1,1,1,osipovavtonom@example.com,8 062 362 6100,https://ooo.ru/,2024-08-01 23:05:21,1,2002,1
77,286180861236,980843100145,472189586335,182774701041,2024-04-18,2025-10-06,2023-11-01 14:13:07,57611,число,ОАО «Лапин»,Потапова Групп,ООО «Боброва-Артемьева»,АО «Блинов-Рябова»,UZ,1,1,1,824,1,3,1,2,459,пространство,705,0,0,1,1,0,0,0,maja2022@example.net,8 143 774 38 88,http://ip.edu/,2023-09-11 10:11:18,1,2010,0
78,998781684744,114035462348,591156997630,116453053044,2023-01-13,2025-10-16,2023-06-24 21:19:35,40003,бабочка,ООО «Гришин-Воробьев»,АО «Ширяева»,Цветкова Инк,ООО «Пономарев»,KZ,1,0,1,294,0,3,0,1,508,основание,438,1,0,0,0,1,1,0,zgushchin@example.org,8 (629) 065-60-19,https://ooo.biz/,2023-10-09 00:40:34,0,2019,1
79,804729688764,620412968373,215255132183,498324001682,2025-07-22,2025-06-05,2024-07-09 04:34:56,51326,песня,Калашникова и партнеры,ООО «Петров»,"РАО «Гаврилов, Николаева и Шилова»",ЗАО «Аксенов-Суворова»,KG,1,0,1,665,1,3,0,1,852,конструкция,744,0,1,1,1,0,1,1,budimir2000@example.org,8 (565) 506-92-71,https://ooo.org/,2025-05-18 08:39:43,1,2016,1
80,735903874621,433501509291,389827523347,161637163450,2024-03-24,2023-06-28,2024-07-08 13:07:24,83025,боец,ОАО «Чернов»,АО «Фадеев-Ермаков»,Сибтрейд,Данилова Групп,KZ,0,1,0,465,1,3,0,1,811,наслаждение,671,1,0,0,1,0,0,1,borislav_61@example.net,8 480 993 46 73,http://www.rao.net/,2024-05-28 10:25:03,1,2019,1
81,485316089604,994740397214,212460546268,149410233819,2023-10-16,2025-09-20,2025-05-29 21:52:32,30608,скрытый,ЗАО «Михайлов Гусева»,ТОАЗ,ООО «Зуева Мясникова»,Юг Руси,RU,0,0,0,674,1,3,0,2,986,необычный,817,1,1,0,1,1,1,0,jaropolk52@example.com,8 455 133 06 20,https://www.zao.edu/,2024-01-29 10:08:03,1,2000,1
82,484500909381,859395947606,772271126296,680706318761,2025-07-08,2025-05-06,2023-11-24 10:43:52,39544,налево,"РАО «Носова, Беспалов и Бурова»",ООО «Андреев»,"ИП «Рожков, Кириллова и Анисимова»",Газпромбанк,UZ,0,0,0,330,0,3,0,1,218,изба,717,0,0,1,0,0,0,1,cilina@example.com,8 246 319 2995,http://zao.edu/,2023-09-01 03:18:17,0,2018,0
83,455405957017,358334685911,542780060055,450029351031,2023-10-26,2024-02-05,2025-03-15 16:52:54,31912,нервно,РАО «Петров»,АО «Фадеева»,"АО «Сысоев, Бурова и Лыткина»","ИП «Емельянов, Одинцова и Агафонова»",RU,0,0,1,94,0,3,1,1,122,миллиард,720,0,1,0,1,1,1,0,prokl72@example.org,+7 837 287 25 50,http://www.oao.info/,2024-11-15 08:19:56,0,2024,0
84,374251257081,174119689416,745622571432,463250207653,2025-05-30,2023-05-25,2023-11-23 20:28:18,46950,провинция,НПО «Ситников»,"ООО «Вишняков, Миронов и Голубева»",ООО «Кулакова»,Мерида,KG,0,0,0,110,0,3,0,2,442,монета,512,0,0,1,0,1,1,1,apollonprohorov@example.com,+7 346 214 0186,http://www.vishnjakov.org/,2024-11-10 09:31:25,0,2005,0
85,992406452887,254944270635,873049717546,763849225803,2025-03-02,2025-06-20,2024-01-07 04:09:40,84938,казнь,ОАО «Давыдов-Цветков»,ОАО «Авдеев»,ЗАО «Назаров Дроздова»,ЗАО «Субботина Самсонова»,UZ,0,0,1,722,0,3,0,3,636,социалистический,831,0,0,1,1,1,0,0,artem_2022@example.com,+7 758 317 73 16,http://www.npo.edu/,2025-01-06 08:23:37,1,2005,0
86,597833471587,150253453813,283638960528,565293092643,2024-12-03,2025-05-01,2024-12-11 20:21:27,84052,ныне,ООО «Хохлова Лукин»,ОАО «Ермаков-Зимина»,Федосеев Лимитед,РАО «Гущин»,KZ,0,0,1,924,0,3,1,3,989,желание,560,0,1,0,0,1,0,1,gostomisl_44@example.org,+7 674 219 30 98,https://www.ooo.ru/,2024-01-10 06:35:43,1,2008,1
87,763281915296,571455438983,251427495757,534022885805,2024-09-10,2023-01-07,2023-04-13 18:56:57,54716,правильный,Попов и партнеры,"РАО «Громова, Николаева и Лазарева»",РАО «Маслов»,АО «Кулаков»,UZ,0,0,1,779,1,3,1,1,855,тревога,938,0,1,1,0,0,1,1,marfa1990@example.com,+7 324 860 9172,https://ip.info/,2023-07-02 05:54:09,1,2006,0
88,241778702069,312975208257,959330970082,317439903177,2025-01-14,2024-07-05,2025-11-03 00:25:49,44588,расстройство,БСС,НПО «Жданова»,Мерида,Тарасов Лтд,RU,1,0,1,763,0,3,1,3,215,мусор,219,1,0,1,0,0,0,1,fedoseevelise@example.org,8 623 839 50 88,http://www.ao.biz/,2023-04-22 12:52:53,0,2022,0
89,863850309479,439795246342,420547207106,677095285846,2025-03-19,2023-01-12,2023-08-23 02:33:34,14681,дошлый,Крюкова Лимитед,Медведев Лимитед,Дроздова Инк,Иванова Групп,UZ,1,0,1,489,1,3,1,3,814,помолчать,687,1,1,0,0,0,0,1,sergeevaregina@example.com,8 634 443 6748,https://npo.net/,2024-10-28 22:13:13,1,2002,0
90,396335467902,810735690413,188842169356,757270700016,2022-12-09,2024-03-19,2024-09-28 20:07:10,15770,прощение,Кудрявцев Лтд,Силовые машины,ООО «Капустина-Русакова»,Завод имени Дегтярева,RU,1,1,1,779,0,3,0,1,529,ведь,149,1,0,0,1,0,0,1,ppestov@example.org,8 174 169 9642,http://www.abi.org/,2024-02-12 20:36:13,0,2002,0
91,834801557922,507181874196,944452010856,394719380728,2023-01-09,2023-12-02,2024-11-17 18:22:54,94399,сравнение,"РАО «Одинцов, Беляева и Субботин»",ООО «Якушева-Беспалов»,ЗАО «Бурова-Архипова»,ООО «Журавлев»,KG,1,0,0,690,0,3,0,2,30,цепочка,981,0,0,1,1,0,0,1,ivan_2010@example.net,8 844 478 9893,http://moskovskaja.com/,2023-03-25 01:42:13,1,2011,0
92,847092217469,633588538573,583532590662,931304843311,2025-06-15,2023-07-19,2024-06-05 16:02:10,67804,руководитель,ЗАО «Воронцов-Наумов»,Белова Лимитед,Российские сети,Куликова Лимитед,RU,1,0,0,481,0,3,0,1,582,выразить,146,0,1,0,0,0,0,1,karpdavidov@example.org,+7 235 691 67 82,https://zao.info/,2024-12-13 07:54:25,1,2014,1
93,814801901026,354055692401,944876664588,774672459513,2025-03-07,2023-08-01,2024-06-17 11:31:23,31390,упорно,ООО «Архипов-Дмитриев»,"ОАО «Белоусов, Дьячков и Григорьев»",РАО «Жданов Некрасова»,"ИП «Романов, Васильева и Коновалова»",UZ,1,1,1,498,0,3,0,3,976,налоговый,751,0,1,0,1,1,0,1,mihemartinov@example.com,8 (370) 063-9969,https://rossiskaja.info/,2025-03-20 05:10:34,0,2021,1
94,370378368491,556430366577,149611650637,785311032872,2024-05-30,2023-12-25,2024-03-05 14:40:14,54311,ученый,АльфаСтрахование,РАО «Михеев-Соловьев»,ЗАО «Ширяев-Одинцова»,Азур Эйр,RU,1,1,0,267,0,3,0,1,909,ответить,479,1,1,1,0,1,1,1,boleslav1972@example.net,+7 (873) 971-69-04,http://ao.info/,2023-08-30 19:46:38,0,2022,0
95,342515208589,749846824384,467054825463,510408745934,2025-03-29,2023-04-03,2024-04-03 17:40:19,13709,нервно,НПО «Ермакова»,ИП «Сорокин»,Ман Трак Энд Бас Рус (Volkswagen),Зайцева Лимитед,KZ,1,1,0,208,0,3,1,2,723,нервно,890,0,1,1,1,0,1,1,anzhelika_57@example.net,8 (296) 793-5414,https://www.samsonov.info/,2023-03-02 10:56:09,1,2008,1
96,636108130622,382495365842,631352313287,159776272818,2025-07-02,2025-02-08,2025-03-20 13:37:17,34001,собеседник,Константинов Инк,Потапова Инк,АО «Осипов Вишняков»,ИП «Сазонова Антонова»,RU,0,0,1,800,0,3,1,3,247,куча,306,1,1,1,0,1,0,1,tihon23@example.com,+7 (517) 671-5844,https://www.rao.info/,2025-08-05 08:52:34,0,2003,1
97,173807311961,155880727768,627917078444,533905185077,2024-12-18,2025-10-09,2024-10-04 00:14:10,88702,сохранять,"РАО «Петров, Меркушев и Алексеев»",Новиков Инк,ИП «Блохин Филатов»,РАО «Доронина»,KG,0,1,1,288,1,3,0,3,955,космос,283,0,1,0,1,0,1,0,ladislav51@example.com,+7 748 444 65 24,http://rao.ru/,2024-12-27 22:33:45,0,2018,1
98,846201692158,671276032608,608530841214,918853037465,2025-04-05,2023-09-29,2024-05-30 05:00:13,78690,демократия,НПО «Жуков»,"РАО «Алексеева, Гурьев и Ефимов»",ЗАО «Субботин-Лазарев»,"НПО «Исаков, Денисов и Вишняков»",UZ,1,0,1,428,1,3,0,2,20,миф,502,0,1,0,1,0,0,0,ivanna2014@example.com,8 (200) 307-41-92,http://www.zao.net/,2024-02-22 12:27:39,0,2007,0
99,202111441637,931095122756,339318434924,439015504474,2023-02-21,2023-12-21,2024-08-27 10:37:27,44353,налоговый,ИП «Беспалова-Кулаков»,РАО «Силин»,РАО «Савина»,ОАО «Карпов Блинова»,KZ,1,1,1,298,1,3,0,1,522,намерение,890,1,1,0,0,0,1,1,silanti72@example.net,+7 516 088 75 66,https://www.rao.biz/,2023-03-29 15:24:53,1,2015,1
100,149840787283,106438730504,198528677048,544641133613,2025-04-08,2024-09-20,2024-04-20 06:22:33,12795,триста,ЗАО «Савельев-Никонова»,ОАО «Власова-Емельянов»,Яковлева Инк,ГК Мегаполис,KZ,0,1,1,287,0,3,0,3,301,сверкать,619,1,0,1,1,1,1,0,pantelemongrigorev@example.org,+7 (315) 461-61-67,http://nk.ru/,2023-05-21 17:10:14,0,2010,0
